id,ticker,date,title,content,url,sentiment
1,ABBV,2026-03-29 11:27:27,"AbbVie Inc. $ABBV 보유 주식, Waycross Partners LLC에 의해 증가 - MarketBeat","Waycross Partners LLC는 증권거래위원회(SEC)에 최근 제출한 Form 13F에 따르면, 4분기 동안 AbbVie Inc. (NYSE:ABBV - Free Report) 주식 지분을 2.9% 늘렸습니다. 이 기관투자가는 해당 분기 동안 5,063주를 추가 매수한 뒤 회사 주식 182,476주를 보유하게 됐습니다. AbbVie는 Waycross Partners LLC 투자 포트폴리오의 3.4%를 차지하며, 이는 해당 주식을 10번째로 큰 보유 종목으로 만듭니다. SEC에 제출된 가장 최근 보고서 기준으로 Waycross Partners LLC의 AbbVie 보유 지분 가치는 41,694,000달러였습니다. 다른 여러 기관투자가와 헤지펀드도 ABBV 주식을 사고팔았습니다. Evolution Wealth Management Inc.는 2분기에 AbbVie 주식의 신규 지분을 26,000달러어치 매수했습니다. Chelsea Counsel Co.는 3분기에 약 26,000달러 상당의 AbbVie 주식 신규 지분을 매입했습니다. Texas Capital Bancshares Inc TX는 3분기 동안 약 31,000달러 상당의 AbbVie 신규 포지션을 매수했습니다. Caitlin John LLC는 3분기 동안 약 33,000달러 상당의 AbbVie 신규 포지션을 매수했습니다. 마지막으로 Delos Wealth Advisors LLC는 2분기에 약 39,000달러 규모의 AbbVie 신규 포지션을 매입했습니다. 이 주식의 70.23%는 헤지펀드 및 기타 기관투자가가 보유하고 있습니다. 여러 증권사도 ABBV에 대한 보고서를 발표했습니다. Berenberg Bank는 1월 20일 화요일 리서치 보고서에서 AbbVie 주식에 대해 목표주가 275.00달러를 제시했습니다. Evercore는 2월 4일 수요일 리서치 노트에서 AbbVie의 목표주가를 232.00달러에서 228.00달러로 낮추고 해당 종목에 대해 '아웃퍼폼' 등급을 부여했습니다. William Blair는 3월 9일 월요일 보고서에서 AbbVie 주식에 대해 '아웃퍼폼' 등급을 재확인했습니다. HSBC는 12월 10일 수요일 리서치 보고서에서 AbbVie의 투자의견을 '보유'에서 '매수'로 상향하고 회사의 목표주가를 225.00달러에서 265.00달러로 높였습니다. 마지막으로 UBS Group은 2월 5일 목요일 보고서에서 AbbVie의 목표주가를 240.00달러에서 230.00달러로 낮추고 해당 종목에 대해 '중립' 등급을 부여했습니다. 두 명의 투자분석가가 이 주식에 대해 '강력 매수' 등급을, 14명이 '매수' 등급을, 9명이 '보유' 등급을 부여했습니다. MarketBeat에 따르면 현재 회사의 평균 등급은 '중간 매수'이며, 컨센서스 목표주가는 253.15달러입니다. 다른 소식으로, SVP David Ryan Purdue는 3월 4일 수요일 거래에서 회사 주식 5,230주를 매도했습니다. 주당 평균 매도가격은 233.56달러였으며, 총 거래액은 1,221,518.80달러였습니다. 거래 이후 수석 부사장은 회사 주식 2,654주를 보유하게 되었으며, 가치는 619,868.24달러였습니다. 이는 보유 지분이 66.34% 감소한 것을 의미합니다. 이 매도는 SEC 웹사이트에서 확인 가능한 증권거래위원회 제출 문서에 공시됐습니다. 또한 EVP Perry C. Siatis는 2월 25일 수요일 거래에서 주식 22,381주를 매도했습니다. 주당 평균 매도가격은 230.00달러였으며, 총 거래액은 5,147,630.00달러였습니다. 거래 이후 수석 부사장은 회사 주식 38,137주를 보유하게 되었으며, 가치는 8,771,510달러였습니다. 이 거래는 보유 지분이 36.98% 감소한 것을 의미합니다. 이 매도에 대한 SEC 제출서류에는 추가 정보가 포함돼 있습니다. 회사 내부자들은 회사 주식의 0.25%를 보유하고 있습니다. ABBV 주식은 금요일 209.46달러에 거래를 시작했습니다. 회사의 시가총액은 3,703억 7,000만 달러이며, 주가수익비율(PER)은 88.76, PEG 비율은 0.73, 베타는 0.34입니다. AbbVie Inc.의 52주 최저가는 164.39달러, 52주 최고가는 244.81달러입니다. 회사의 50일 단순이동평균은 221.96달러이며 200일 단순이동평균은 224.62달러입니다. AbbVie(NYSE:ABBV - Get Free Report)는 지난 2월 4일 수요일 최신 실적을 발표했습니다. 회사는 해당 분기 주당순이익(EPS) 2.71달러를 보고해, 시장 컨센서스 예상치 2.65달러를 0.06달러 상회했습니다. AbbVie의 순이익률은 6.91%였고 자기자본이익률(ROE)은 -1,579.75%였습니다. 회사의 해당 분기 매출은 166억 2,000만 달러로, 컨센서스 예상치 163억 9,000만 달러와 비교됐습니다. 전년 동기에는 주당순이익이 2.16달러였습니다. 회사 매출은 전년 동기 같은 분기 대비 10.0% 증가했습니다. AbbVie는 2026 회계연도 가이던스로 EPS 14.370~14.570달러를, 2026년 1분기 가이던스로 EPS 2.970~3.010달러를 제시했습니다. 애널리스트들은 AbbVie Inc.가 올해 주당순이익 12.31달러를 기록할 것으로 예상합니다. 회사는 최근 분기 배당도 발표했으며, 배당금은 5월 15일 금요일 지급됩니다. 4월 15일 수요일 기준 주주명부에 등재된 주주들은 주당 1.73달러의 배당을 받게 됩니다. 이는 연환산 배당금 6.92달러, 배당수익률 3.3%에 해당합니다. 이 배당의 배당락일은 4월 15일 수요일입니다. AbbVie의 배당성향은 293.22%입니다. 이번 주 AbbVie에 영향을 미치는 주요 뉴스는 다음과 같습니다. AbbVie는 2013년 Abbott Laboratories에서 분사해 설립된 글로벌 연구 중심 바이오제약 회사로, 일리노이주 노스시카고에 본사를 두고 있습니다. 회사는 복잡하고 종종 만성적인 의학적 질환을 위한 치료법의 발견, 개발 및 상용화에 집중하고 있습니다. 사업은 연구개발, 제조, 규제업무 및 상용화 전반에 걸쳐 있으며, 여러 치료 영역에서 전문의약품을 시장에 출시하는 데 중점을 두고 있습니다. AbbVie의 제품 포트폴리오와 파이프라인은 면역학, 종양학, 신경과학, 바이러스학, 여성 건강 등 여러 주요 치료 범주를 포함합니다. 다른 헤지펀드들이 ABBV를 어떻게 보유하고 있는지 보고 싶으신가요? HoldingsChannel.com을 방문하면 AbbVie Inc. (NYSE:ABBV - Free Report)의 최신 13F 제출 내역과 내부자 거래를 확인할 수 있습니다. 이 즉시 뉴스 알림은 독자들에게 가장 빠른 보도와 편향 없는 커버리지를 제공하기 위해 MarketBeat의 narrative science 기술과 금융 데이터를 바탕으로 생성되었습니다. 이 기사에 대한 질문이나 의견은 contact@marketbeat.com으로 보내주시기 바랍니다. AbbVie를 고려하기 전에 이 내용을 들어보시는 것이 좋습니다. MarketBeat는 월가에서 가장 높은 평가를 받는, 그리고 가장 뛰어난 성과를 내는 리서치 애널리스트들과 그들이 고객에게 추천하는 종목을 매일 추적합니다. MarketBeat는 주요 애널리스트들이 넓은 시장이 알아채기 전에 지금 조용히 매수를 권하는 5개 종목을 찾아냈는데, AbbVie는 그 목록에 없었습니다. 현재 AbbVie는 애널리스트들 사이에서 '중간 매수' 등급을 받고 있지만, 최고 등급 애널리스트들은 이 5개 종목이 더 나은 매수 대상이라고 보고 있습니다. Meta, Roblox 또는 Unity 투자에 대해 생각하고 계신가요? 링크를 클릭해 투자에 앞서 메타버스와 공개 시장에 대해 현명한 투자자들이 알아야 할 내용을 확인하세요. MarketBeat의 전체 리서치 도구를 이용하려면 MarketBeat All Access에 가입하세요. 345 N Reid Place, Suite 620, Sioux Falls, SD 57103 contact@marketbeat.com (844) 978-6257 © MarketBeat Media, LLC 2010-2026. 모든 권리 보유. © 2026 공정시장가치는 매분 업데이트되며 Massive에서 제공됩니다. 기타 시장 데이터는 최소 10분 지연되며 Barchart Solutions가 호스팅합니다. 정보는 '있는 그대로' 제공되며 오직 정보 제공 목적으로만 사용되고 거래 목적이나 조언용이 아니며 지연이 있을 수 있습니다. 모든 거래소 지연 및 이용약관은 Barchart의 면책조항을 참조하십시오. 당사와 파트너는 귀하의 경험 향상을 돕기 위해 이 웹사이트 사용 정보에 대한 데이터를 공유합니다. 자세한 정보 또는 제외를 원하시면 아래의 '내 정보 판매 금지(Do Not Sell My Information)' 버튼을 클릭하십시오.",https://www.marketbeat.com/instant-alerts/filing-abbvie-inc-abbv-stock-holdings-lifted-by-waycross-partners-llc-2026-03-29/,Neutral
2,ABBV,2026-03-29 09:38:30,"Chesley Taft & Associates LLC, AbbVie Inc. $ABBV 지분 520만 달러 보유 - Defense World","2026년 3월 29일에 Defense World Staff가 게시함 Chesley Taft & Associates LLC는 최근 SEC에 제출한 13F 보고서에 따르면, 4분기 동안 AbbVie Inc. (NYSE:ABBV – Free Report)에서의 포지션을 18.2% 늘렸습니다. 이 회사는 해당 분기 동안 3,501주를 추가 매수한 뒤 회사 주식 22,751주를 보유했습니다. 최신 분기 말 기준 Chesley Taft & Associates LLC의 AbbVie 보유 가치는 5,198,000달러였습니다. 다른 여러 기관투자가와 헤지펀드도 최근 이 회사 보유 비중을 변경했습니다. Brighton Jones LLC는 4분기 동안 AbbVie 주식 보유를 17.4% 늘렸습니다. Brighton Jones LLC는 지난 분기 3,401주를 추가 매수한 후 현재 회사 주식 22,912주를 보유하고 있으며, 가치는 4,072,000달러입니다. Revolve Wealth Partners LLC는 4분기 동안 AbbVie 보유를 72.7% 늘렸습니다. Revolve Wealth Partners LLC는 지난 분기 3,064주를 추가 매수한 후 현재 회사 주식 7,279주를 보유하고 있으며, 가치는 1,294,000달러입니다. Schnieders Capital Management LLC.는 2분기 동안 AbbVie 보유를 5.0% 늘렸습니다. Schnieders Capital Management LLC.는 지난 분기 789주를 추가 매수한 후 현재 회사 주식 16,466주를 보유하고 있으며, 가치는 3,056,000달러입니다. Grantham Mayo Van Otterloo & Co. LLC는 2분기 동안 AbbVie 주식 포지션을 16.1% 늘렸습니다. Grantham Mayo Van Otterloo & Co. LLC는 지난 분기 940주를 추가 매수한 후 현재 회사 주식 6,792주를 보유하고 있으며, 가치는 1,261,000달러입니다. 마지막으로 Northwestern Mutual Wealth Management Co.는 2분기 동안 AbbVie 보유를 4.5% 늘렸습니다. Northwestern Mutual Wealth Management Co.는 지난 분기 11,322주를 추가 매수한 후 현재 회사 주식 261,036주를 보유하고 있으며, 가치는 48,453,000달러입니다. 기관투자가는 회사 주식의 70.23%를 보유하고 있습니다. ABBV는 최근 여러 애널리스트 보고서의 주제였습니다. William Blair는 3월 9일 월요일 리서치 보고서에서 AbbVie 주식에 대해 '아웃퍼폼' 등급을 재확인했습니다. BMO Capital Markets는 3월 9일 월요일 리서치 노트에서 AbbVie 주식에 대해 '아웃퍼폼' 등급을 재확인했습니다. Wall Street Zen은 2월 28일 토요일 보고서에서 AbbVie 주식의 등급을 '매수'에서 '강력 매수'로 상향했습니다. Sanford C. Bernstein은 2월 5일 목요일 리서치 보고서에서 AbbVie 주식에 대해 '시장수익률' 등급을 재확인했습니다. 마지막으로 Piper Sandler는 2월 18일 수요일 리서치 노트에서 AbbVie의 목표주가를 289.00달러에서 299.00달러로 높이고 회사에 대해 '비중확대' 등급을 부여했습니다. 두 명의 리서치 애널리스트가 이 주식에 '강력 매수' 등급을, 14명이 '매수' 등급을, 9명이 '보유' 등급을 부여했습니다. MarketBeat.com에 따르면 AbbVie의 현재 컨센서스 등급은 '중간 매수'이며, 평균 목표주가는 253.15달러입니다. 금융시장 뉴스 이번 주 AbbVie에 영향을 미치는 주요 뉴스는 다음과 같습니다. AbbVie 주식은 금요일 209.46달러에 거래를 시작했습니다. 주식의 50일 이동평균 가격은 221.96달러이고 200일 이동평균 가격은 224.62달러입니다. AbbVie Inc.의 12개월 최저가는 164.39달러, 12개월 최고가는 244.81달러입니다. 회사의 시가총액은 3,703억 7,000만 달러이며, PER은 88.76, PEG 비율은 0.73, 베타는 0.34입니다. 최근 방위 뉴스 AbbVie(NYSE:ABBV – Get Free Report)는 지난 2월 4일 수요일 분기 실적을 발표했습니다. 회사는 해당 분기 주당순이익 2.71달러를 보고해 시장 컨센서스 예상치 2.65달러를 0.06달러 상회했습니다. AbbVie의 자기자본이익률은 -1,579.75%였고 순이익률은 6.91%였습니다. 회사의 해당 분기 매출은 166억 2,000만 달러로, 애널리스트 예상치 163억 9,000만 달러와 비교됐습니다. 전년 동기에는 주당순이익이 2.16달러였습니다. 해당 분기 매출은 전년 동기 같은 분기 대비 10.0% 증가했습니다. AbbVie는 2026 회계연도 가이던스로 EPS 14.370~14.570달러, 2026년 1분기 가이던스로 EPS 2.970~3.010달러를 제시했습니다. 전체적으로 애널리스트들은 AbbVie Inc.가 올해 주당순이익 12.31달러를 기록할 것으로 예상합니다. 회사는 또한 최근 분기 배당을 발표했으며, 5월 15일 금요일에 지급될 예정입니다. 4월 15일 수요일 기준 주주에게 주당 1.73달러의 배당금이 지급됩니다. 이는 연환산 기준 배당금 6.92달러와 배당수익률 3.3%를 의미합니다. 이 배당의 배당락일은 4월 15일 수요일입니다. AbbVie의 현재 배당성향(DPR)은 293.22%입니다. 다른 소식으로, SVP David Ryan Purdue는 3월 4일 수요일 거래에서 회사 주식 5,230주를 매도했습니다. 주식은 주당 평균 233.56달러에 매도됐으며, 총 거래액은 1,221,518.80달러였습니다. 거래 완료 후 수석 부사장은 회사 주식 2,654주를 보유했으며, 가치는 약 619,868.24달러였습니다. 이 거래는 주식 보유량이 66.34% 감소한 것을 의미합니다. 해당 거래는 SEC 웹사이트를 통해 확인 가능한 SEC 제출 법적 문서에 공시됐습니다. 또한 EVP Perry C. Siatis는 2월 25일 수요일 거래에서 AbbVie 주식 22,381주를 매도했습니다. 주식은 주당 평균 230.00달러에 매도됐으며, 총 거래액은 5,147,630.00달러였습니다. 거래 완료 후 수석 부사장은 회사 내 주식 38,137주를 보유했으며, 가치는 약 8,771,510달러였습니다. 이 거래는 주식 보유량이 36.98% 감소한 것을 의미합니다. 이 매도에 대한 공시는 SEC 제출서류에서 확인할 수 있습니다. 내부자들은 회사 주식의 0.25%를 보유하고 있습니다. AbbVie는 2013년 Abbott Laboratories에서 분사해 설립된 글로벌 연구 중심 바이오제약 회사로, 일리노이주 노스시카고에 본사를 두고 있습니다. 회사는 복잡하고 종종 만성적인 의학적 질환을 위한 치료법의 발견, 개발 및 상용화에 집중하고 있습니다. 사업은 연구개발, 제조, 규제업무 및 상용화 전반에 걸쳐 있으며, 여러 치료 영역에서 전문의약품을 시장에 출시하는 데 중점을 두고 있습니다. AbbVie의 제품 포트폴리오와 파이프라인은 면역학, 종양학, 신경과학, 바이러스학, 여성 건강 등 여러 주요 치료 범주를 포함합니다. 다른 헤지펀드들이 ABBV를 보유하고 있는지 보고 싶으신가요? HoldingsChannel.com을 방문하면 AbbVie Inc. (NYSE:ABBV - Free Report)의 최신 13F 제출 내역과 내부자 거래를 확인할 수 있습니다. 이 즉시 뉴스 알림은 독자들에게 가장 빠른 보도와 편향 없는 커버리지를 제공하기 위해 MarketBeat의 narrative science 기술과 금융 데이터를 바탕으로 생성되었습니다. 이 기사에 대한 질문이나 의견은 contact@marketbeat.com으로 보내주시기 바랍니다. AbbVie를 고려하기 전에 이 내용을 들어보시는 것이 좋습니다. MarketBeat는 월가에서 가장 높은 평가를 받는, 그리고 가장 뛰어난 성과를 내는 리서치 애널리스트들과 그들이 고객에게 추천하는 종목을 매일 추적합니다. MarketBeat는 주요 애널리스트들이 넓은 시장이 알아채기 전에 지금 조용히 매수를 권하는 5개 종목을 찾아냈는데, AbbVie는 그 목록에 없었습니다. 현재 AbbVie는 애널리스트들 사이에서 '중간 매수' 등급을 받고 있지만, 최고 등급 애널리스트들은 이 5개 종목이 더 나은 매수 대상이라고 보고 있습니다. 다음 FAANG 주식을 모두가 알기 전에 찾고 계신가요? 링크를 클릭해 MarketBeat 애널리스트들이 어떤 종목이 차세대 1조 달러 기술기업이 될 수 있다고 생각하는지 확인하세요. MarketBeat All Access에 가입하면 MarketBeat의 전체 리서치 도구를 이용할 수 있습니다. 345 N Reid Place, Suite 620, Sioux Falls, SD 57103 contact@marketbeat.com (844) 978-6257 © MarketBeat Media, LLC 2010-2026. 모든 권리 보유. © 2026 공정시장가치는 매분 업데이트되며 Massive에서 제공합니다. 기타 시장 데이터는 최소 10분 지연되며 Barchart Solutions가 호스팅합니다. 정보는 '있는 그대로' 제공되며 오직 정보 제공 목적으로만 사용되고 거래 목적이나 조언용이 아니며 지연이 있을 수 있습니다. 모든 거래소 지연 및 이용약관은 Barchart의 면책조항을 참조하십시오. 당사와 파트너는 귀하의 경험 향상을 돕기 위해 이 웹사이트 사용 정보에 대한 데이터를 공유합니다. 자세한 정보 또는 제외를 원하시면 아래의 '내 정보 판매 금지(Do Not Sell My Information)' 버튼을 클릭하십시오.",https://www.defenseworld.net/2026/03/29/chesley-taft-associates-llc-has-5-20-million-stake-in-abbvie-inc-abbv.html,Neutral
3,ABBV,2026-03-29 08:06:30,"Bell Bank, AbbVie Inc. $ABBV 지분 1,209만 달러 보유 - MarketBeat","Bell Bank는 SEC(증권거래위원회)에 최근 제출한 공시에 따르면, 4분기 동안 AbbVie Inc. (NYSE:ABBV - Free Report)에서의 포지션을 12.2% 줄였습니다. 이 펀드는 해당 분기 동안 7,333주를 매도한 후 회사 주식 52,915주를 보유하고 있었습니다. AbbVie는 Bell Bank 투자 포트폴리오의 약 0.5%를 차지하며, 이 주식은 25번째로 큰 보유 종목입니다. 최신 보고 기간 종료 시점 Bell Bank의 AbbVie 보유 가치는 12,091,000달러였습니다. 다른 여러 헤지펀드와 기관투자가도 최근 ABBV 보유 내역을 조정했습니다. Wellington Management Group LLP는 3분기 동안 AbbVie 주식 보유를 457.4% 늘렸습니다. Wellington Management Group LLP는 해당 기간 동안 8,646,424주를 추가 매수한 뒤 현재 회사 주식 10,536,901주를 보유하고 있으며, 가치는 24억 3,971만 4,000달러입니다. DZ BANK AG Deutsche Zentral Genossenschafts Bank Frankfurt am Main은 2분기 동안 AbbVie 보유를 169.3% 늘렸습니다. DZ BANK AG Deutsche Zentral Genossenschafts Bank Frankfurt am Main은 해당 기간 동안 2,969,202주를 추가 매수한 뒤 현재 회사 주식 4,722,893주를 보유하고 있으며, 가치는 8억 7,666만 2,000달러입니다. Raymond James Financial Inc.는 2분기 동안 AbbVie 포지션을 41.8% 늘렸습니다. Raymond James Financial Inc.는 지난 분기 2,753,312주를 추가 매수한 후 현재 회사 주식 9,337,480주를 보유하고 있으며, 가치는 17억 3,322만 2,000달러입니다. Amundi는 2분기 동안 AbbVie 포지션을 36.6% 늘렸습니다. Amundi는 지난 분기 2,435,372주를 추가 매수한 후 현재 회사 주식 9,093,696주를 보유하고 있으며, 가치는 17억 3,462만 3,000달러입니다. 마지막으로 Alliancebernstein L.P.는 3분기 동안 AbbVie 지분을 31.8% 늘렸습니다. Alliancebernstein L.P.는 해당 기간 동안 1,758,657주를 추가 매수한 후 현재 회사 주식 7,281,327주를 보유하고 있으며, 가치는 16억 8,591만 8,000달러입니다. 기관투자가는 회사 주식의 70.23%를 보유하고 있습니다. AbbVie 주식은 금요일 209.46달러에 거래를 시작했습니다. 회사의 시가총액은 3,703억 7,000만 달러, 주가수익비율은 88.76, PEG 비율은 0.73, 베타는 0.34입니다. AbbVie Inc.의 12개월 최저가는 164.39달러, 12개월 최고가는 244.81달러입니다. 주식의 50일 이동평균은 221.96달러이고 200일 이동평균은 224.62달러입니다. AbbVie(NYSE:ABBV - Get Free Report)는 지난 2월 4일 수요일 분기 실적을 발표했습니다. 회사는 해당 분기 주당순이익 2.71달러를 보고해 시장 컨센서스 예상치 2.65달러를 0.06달러 상회했습니다. 해당 분기 매출은 166억 2,000만 달러로, 애널리스트 예상치 163억 9,000만 달러와 비교됐습니다. AbbVie의 자기자본이익률은 -1,579.75%였고 순이익률은 6.91%였습니다. 해당 분기 매출은 전년 동기 같은 분기 대비 10.0% 증가했습니다. 전년 동기에는 회사가 주당순이익 2.16달러를 기록했습니다. AbbVie는 2026 회계연도 가이던스로 EPS 14.370~14.570달러, 2026년 1분기 가이던스로 EPS 2.970~3.010달러를 제시했습니다. 전체적으로 주식 애널리스트들은 AbbVie Inc.가 올해 주당순이익 12.31달러를 기록할 것으로 예상합니다. 회사는 또한 최근 분기 배당을 발표했으며, 5월 15일 금요일에 지급됩니다. 4월 15일 수요일 기준 주주에게 주당 1.73달러의 배당이 지급됩니다. 배당락일은 4월 15일 수요일입니다. 이는 연환산 배당금 6.92달러와 배당수익률 3.3%에 해당합니다. AbbVie의 배당성향(DPR)은 현재 293.22%입니다. 다른 소식으로, SVP David Ryan Purdue는 3월 4일 수요일 거래에서 회사 주식 5,230주를 매도했습니다. 주식은 주당 평균 233.56달러에 매도됐으며, 총 가치는 1,221,518.80달러였습니다. 거래 완료 후 수석 부사장은 회사 주식 2,654주를 보유하게 되었으며, 가치는 약 619,868.24달러였습니다. 이 거래는 주식 보유량이 66.34% 감소한 것을 의미합니다. 해당 매도는 SEC 웹사이트에서 확인 가능한 SEC 제출 법적 문서에 공시됐습니다. 또한 EVP Perry C. Siatis는 2월 25일 수요일 거래에서 AbbVie 주식 22,381주를 매도했습니다. 주식은 주당 평균 230.00달러에 매도됐으며, 총 거래액은 5,147,630.00달러였습니다. 거래 완료 후 수석 부사장은 회사 내 주식 38,137주를 보유하게 되었으며, 가치는 약 8,771,510달러였습니다. 이 거래는 주식 보유량이 36.98% 감소한 것을 의미합니다. 이 매도에 대한 추가 세부사항은 공식 SEC 공시에서 확인할 수 있습니다. 내부자들은 회사 주식의 0.25%를 보유하고 있습니다. 이번 주 AbbVie에 영향을 미치는 주요 뉴스는 다음과 같습니다. 최근 여러 리서치 애널리스트가 ABBV 주식에 대해 의견을 제시했습니다. Guggenheim은 3월 12일 목요일 리서치 노트에서 AbbVie 주식에 대한 '매수' 등급을 재확인했습니다. BMO Capital Markets는 3월 9일 월요일 리서치 노트에서 AbbVie 주식에 대한 '아웃퍼폼' 등급을 재확인했습니다. Evercore는 2월 4일 수요일 보고서에서 AbbVie의 목표주가를 232.00달러에서 228.00달러로 낮추고 회사에 '아웃퍼폼' 등급을 부여했습니다. UBS Group은 2월 5일 목요일 리서치 보고서에서 AbbVie의 목표주가를 240.00달러에서 230.00달러로 낮추고 회사에 '중립' 등급을 부여했습니다. 마지막으로 Barclays는 2월 19일 목요일 보고서에서 AbbVie 주식에 대한 커버리지를 시작했습니다. 이들은 해당 종목에 '비중확대' 등급과 275.00달러의 목표주가를 제시했습니다. 두 명의 리서치 애널리스트가 이 주식에 '강력 매수' 등급을, 14명이 '매수' 등급을, 9명이 '보유' 등급을 부여했습니다. MarketBeat.com의 데이터에 따르면 이 주식의 컨센서스 등급은 '중간 매수'이며, 평균 목표주가는 253.15달러입니다. AbbVie는 2013년 Abbott Laboratories에서 분사해 설립된 글로벌 연구 중심 바이오제약 회사로, 일리노이주 노스시카고에 본사를 두고 있습니다. 회사는 복잡하고 종종 만성적인 의학적 질환을 위한 치료법의 발견, 개발 및 상용화에 집중하고 있습니다. 사업은 연구개발, 제조, 규제업무 및 상용화 전반에 걸쳐 있으며, 여러 치료 영역에서 전문의약품을 시장에 출시하는 데 중점을 두고 있습니다. AbbVie의 제품 포트폴리오와 파이프라인은 면역학, 종양학, 신경과학, 바이러스학, 여성 건강 등 여러 주요 치료 범주를 포함합니다. 다른 헤지펀드들이 ABBV를 보유하고 있는지 보고 싶으신가요? HoldingsChannel.com을 방문하면 AbbVie Inc. (NYSE:ABBV - Free Report)의 최신 13F 제출 내역과 내부자 거래를 확인할 수 있습니다. 이 즉시 뉴스 알림은 독자들에게 가장 빠른 보도와 편향 없는 커버리지를 제공하기 위해 MarketBeat의 narrative science 기술과 금융 데이터를 바탕으로 생성되었습니다. 이 기사에 대한 질문이나 의견은 contact@marketbeat.com으로 보내주시기 바랍니다. AbbVie를 고려하기 전에 이 내용을 들어보시는 것이 좋습니다. MarketBeat는 월가에서 가장 높은 평가를 받는, 그리고 가장 뛰어난 성과를 내는 리서치 애널리스트들과 그들이 고객에게 추천하는 종목을 매일 추적합니다. MarketBeat는 주요 애널리스트들이 넓은 시장이 알아채기 전에 지금 조용히 매수를 권하는 5개 종목을 찾아냈는데, AbbVie는 그 목록에 없었습니다. 현재 AbbVie는 애널리스트들 사이에서 '중간 매수' 등급을 받고 있지만, 최고 등급 애널리스트들은 이 5개 종목이 더 나은 매수 대상이라고 보고 있습니다. 다음 FAANG 종목을 모두가 알기 전에 찾고 계신가요? 링크를 클릭해 MarketBeat 애널리스트들이 어떤 종목이 차세대 1조 달러 기술기업이 될 수 있다고 생각하는지 확인하세요. MarketBeat All Access에 가입하면 MarketBeat의 전체 리서치 도구를 이용할 수 있습니다. 345 N Reid Place, Suite 620, Sioux Falls, SD 57103 contact@marketbeat.com (844) 978-6257 © MarketBeat Media, LLC 2010-2026. 모든 권리 보유. © 2026 공정시장가치는 매분 업데이트되며 Massive에서 제공합니다. 기타 시장 데이터는 최소 10분 지연되며 Barchart Solutions가 호스팅합니다. 정보는 '있는 그대로' 제공되며 오직 정보 제공 목적으로만 사용되고 거래 목적이나 조언용이 아니며 지연이 있을 수 있습니다. 모든 거래소 지연 및 이용약관은 Barchart의 면책조항을 참조하십시오. 당사와 파트너는 귀하의 경험 향상을 돕기 위해 이 웹사이트 사용 정보에 대한 데이터를 공유합니다. 자세한 정보 또는 제외를 원하시면 아래의 '내 정보 판매 금지(Do Not Sell My Information)' 버튼을 클릭하십시오.",https://www.marketbeat.com/instant-alerts/filing-bell-bank-has-1209-million-stake-in-abbvie-inc-abbv-2026-03-29/,Neutral
4,ABBV,2026-03-28 13:18:57,"AbbVie 피부과 데이터, 면역학의 깊이와 새로운 피부질환 기회 부각 - simplywall.st","투자자들에게 이번 업데이트는 AbbVie가 면역 매개 피부과를 핵심 치료 영역으로 강화하는 한편, 기존의 면역학 및 기타 전문의약품 분야에서의 입지를 이어가고 있음을 보여줍니다. 백반증과 원형탈모증 같은 질환에서 나온 새로운 3상(Phase 3) 데이터는 광범위한 헤드라인 범주가 아니라 특정하고 임상적으로 정의된 틈새 영역에서 파이프라인이 얼마나 깊은지를 직접 보여준다는 점에서 중요합니다. 이러한 새로운 발표는 시간이 지나면서 AbbVie의 R&D 역량, 향후 적응증 확대 가능성, 만성 피부질환에서의 경쟁적 위치를 어떻게 볼지에 영향을 줄 수 있습니다. 회의에서 더 많은 세부 내용이 공개될수록, 지속 효과와 삶의 질 데이터가 실제 시장 채택, 가격 책정, 그리고 기존 프랜차이즈와 향후 치료제 간의 균형과 어떻게 연결되는지가 초점이 될 것입니다. AbbVie에 대한 가장 중요한 뉴스 흐름을 최신 상태로 확인하려면 관심 목록이나 포트폴리오에 추가하세요. 또는 커뮤니티를 방문해 AbbVie에 대한 새로운 관점을 살펴보세요. 이 헤드라인이 다루지 않는 AbbVie의 긍정적 요인 2가지 이번 피부과 업데이트는 AbbVie가 면역학 스토리를 보다 집중된 면역 매개 피부질환으로 확장하려는 방식을 더 명확하게 보여줍니다. 한편으로는 건선성 관절염, 아토피 피부염, 건선에 대한 장기 데이터가 지속성, 안전성, 삶의 질을 보여주며, 이는 Johnson & Johnson, Novartis, Pfizer 같은 대형 경쟁사와 비교할 때 핵심 포인트입니다. 다른 한편으로는 백반증과 원형탈모증에 대한 늦게 발표된 3상 데이터가 시스템 치료 옵션이 제한적이고, 차별화가 단순한 반응률이 아니라 실제 질병 조절과 환자 보고 결과에 달려 있는 더 새롭고 경쟁이 덜한 시장을 부각합니다. 기업의 가치를 아는 것은 그 스토리를 이해하는 것에서 시작됩니다. AbbVie의 가치를 판단하는 데 도움이 되도록 Simply Wall St 커뮤니티에서 가장 주목받는 내러티브 중 하나를 확인해 보세요. 앞으로는 특히 삶의 질과 질병 조절에 대한 장기 데이터에 의사가와 보험자가 어떻게 반응하는지, 그리고 그것이 건선과 아토피 피부염 같은 경쟁이 치열한 영역의 처방 패턴을 바꾸는지 주목할 필요가 있습니다. 백반증과 원형탈모증에서는 규제 당국의 피드백, 안전성 관련 업데이트, 그리고 경쟁사들의 신흥 옵션과 비교한 결과에 주목해야 합니다. 투자자 관심은 또한 AbbVie의 향후 실적 스토리가 소수의 면역학 브랜드에 얼마나 의존하는지, 아니면 신경과학, 종양학, 미용 분야 전반에 더 넓게 분산돼 있는지에 계속 쏠릴 가능성이 높습니다. AbbVie의 최신 뉴스가 투자 스토리에 미치는 영향을 항상 파악하고 싶다면, AbbVie 커뮤니티 페이지로 이동해 주요 커뮤니티 내러티브의 업데이트를 놓치지 마세요. 이 Simply Wall St 기사는 일반적인 성격의 글입니다. 당사는 객관적인 방법론을 사용하여 과거 데이터와 애널리스트 전망만을 바탕으로 논평을 제공하며, 기사는 금융 조언을 목적으로 하지 않습니다. 어떤 주식의 매수 또는 매도 추천도 아니며, 귀하의 목적이나 재무 상황을 고려하지 않습니다. 당사는 기초 데이터에 기반한 장기 중심 분석을 제공하는 것을 목표로 합니다. 또한 당사의 분석은 최신 가격 민감 기업 공시나 정성적 자료를 반영하지 못할 수 있습니다. Simply Wall St는 언급된 어떤 주식에도 포지션을 보유하고 있지 않습니다. 우리는 주식 투자자를 위한 궁극의 포트폴리오 동반자를 만들었으며, 이는 무료입니다. • 무제한 수의 포트폴리오를 연결하고 총액을 하나의 통화로 확인 • 이메일 또는 모바일로 새로운 경고 신호나 리스크 알림 수신 • 보유 주식의 공정가치 추적 이 기사에 대한 의견이 있으신가요? 내용이 우려되시나요? 직접 문의해 주세요. 또는 editorial-team@simplywallst.com으로 이메일을 보내세요. 전 세계적으로 의약품과 치료제의 연구개발, 제조, 상용화 및 판매를 수행하는 연구 기반 바이오제약 회사입니다. 합리적인 성장 가능성과 배당을 제공하며 위험도는 중간 수준입니다. 금융 데이터는 S&P Global Market Intelligence LLC가 제공하고, 분석은 Simply Wall Street Pty Ltd가 제공합니다. Copyright © 2026, S&P Global Market Intelligence LLC. 모든 권리 보유. Simply Wall Street Pty Ltd(ACN 600 056 611)는 Sanlam Private Wealth Pty Ltd(AFSL No. 337927)의 법인 승인 대리인(Authorized Representative Number: 467183)입니다. 이 웹사이트에 포함된 조언은 일반적인 조언일 뿐이며, 귀하의 목적, 재무 상황 또는 필요를 고려하지 않고 작성되었습니다. 이 웹사이트에 포함된 조언 및/또는 정보에 의존해서는 안 되며, 투자 결정을 내리기 전에 귀하의 상황에 적절한지 검토하고 적절한 재무, 세무 및 법률 자문을 받을 것을 권장합니다. 금융 서비스를 이용하기 전에 당사의 Financial Services Guide를 읽어보시기 바랍니다. © 2026 Simply Wall Street Pty Ltd, US Design Patent #29/544/281, Community and European Design Registration #2845206",https://simplywall.st/stocks/us/pharmaceuticals-biotech/nyse-abbv/abbvie/news/abbvie-dermatology-data-highlights-immunology-depth-and-emer,Growth
5,ABBV,2026-03-28 12:02:32,"Wealthcare Advisory Partners LLC, AbbVie Inc. $ABBV 지분 확대 - MarketBeat","Wealthcare Advisory Partners LLC는 SEC(증권거래위원회)에 최근 제출한 보고서에 따르면, 4분기 동안 AbbVie Inc. (NYSE:ABBV - Free Report) 주식 보유 지분을 49.8% 늘렸습니다. 이 펀드는 해당 기간 동안 23,065주를 추가 매수한 뒤 회사 주식 69,377주를 보유하고 있었습니다. SEC에 최근 제출한 자료 기준 Wealthcare Advisory Partners LLC의 AbbVie 보유 가치는 15,852,000달러였습니다. 다른 여러 헤지펀드와 기관투자가도 최근 이 주식을 사고팔았습니다. Diversified Trust Co는 3분기 동안 AbbVie 주식 포지션을 23.6% 늘렸습니다. Diversified Trust Co는 지난 분기 10,891주를 추가 매수한 후 현재 회사 주식 57,076주를 보유하고 있으며, 가치는 13,215,000달러입니다. Permanent Capital Management LP는 3분기 동안 AbbVie에 신규 포지션을 취득했으며, 가치는 720,000달러입니다. Railway Pension Investments Ltd는 3분기 동안 AbbVie 지분을 33.0% 늘렸습니다. Railway Pension Investments Ltd는 지난 분기 211,800주를 추가 매수한 후 현재 회사 주식 853,949주를 보유하고 있으며, 가치는 197,723,000달러입니다. World Investment Advisors는 3분기 동안 AbbVie 보유를 9.4% 늘렸습니다. World Investment Advisors는 지난 분기 9,811주를 추가 매수한 후 현재 회사 주식 113,925주를 보유하고 있으며, 가치는 26,378,000달러입니다. 마지막으로 Charles Schwab Trust Co는 3분기 동안 AbbVie 보유를 93.4% 늘렸습니다. Charles Schwab Trust Co는 지난 분기 15,502주를 추가 매수한 후 현재 회사 주식 32,105주를 보유하고 있으며, 가치는 7,434,000달러입니다. 기관투자가는 회사 주식의 70.23%를 보유하고 있습니다. ABBV 주식은 금요일 209.46달러에 거래를 시작했습니다. 회사의 시가총액은 3,703억 7,000만 달러이며, 주가수익비율은 88.76, PEG 비율은 0.73, 베타는 0.34입니다. AbbVie Inc.의 12개월 최저가는 164.39달러, 12개월 최고가는 244.81달러입니다. 주식의 50일 이동평균은 221.96달러이고 200일 이동평균은 224.52달러입니다. AbbVie(NYSE:ABBV - Get Free Report)는 지난 2월 4일 수요일 최신 분기 실적을 발표했습니다. 회사는 해당 분기 주당순이익 2.71달러를 보고해 시장 컨센서스 예상치 2.65달러를 0.06달러 상회했습니다. AbbVie의 순이익률은 6.91%였고 자기자본이익률은 -1,579.75%였습니다. 해당 분기 매출은 166억 2,000만 달러로, 애널리스트 예상치 163억 9,000만 달러와 비교됐습니다. 전년 동기 같은 분기에는 회사가 주당순이익 2.16달러를 기록했습니다. AbbVie의 매출은 전년 동기 같은 분기 대비 10.0% 증가했습니다. AbbVie는 2026 회계연도 가이던스로 EPS 14.370~14.570달러, 2026년 1분기 가이던스로 EPS 2.970~3.010달러를 제시했습니다. 주식 애널리스트들은 AbbVie Inc.가 올해 주당순이익 12.31달러를 기록할 것으로 예상합니다. 회사는 또한 최근 분기 배당을 발표했으며, 5월 15일 금요일에 지급됩니다. 4월 15일 수요일 기준 주주에게 주당 1.73달러의 배당이 지급됩니다. 배당락일은 4월 15일 수요일입니다. 이는 연환산 배당금 6.92달러와 배당수익률 3.3%를 의미합니다. AbbVie의 배당성향(DPR)은 현재 293.22%입니다. 최근 여러 리서치 애널리스트가 이 회사에 대해 의견을 냈습니다. William Blair는 3월 9일 월요일 보고서에서 AbbVie 주식에 대한 '아웃퍼폼' 등급을 재확인했습니다. Wall Street Zen은 2월 28일 토요일 보고서에서 AbbVie 주식 등급을 '매수'에서 '강력 매수'로 상향했습니다. The Goldman Sachs Group은 1월 28일 수요일 리서치 노트에서 AbbVie 주식에 대해 '중립' 등급을 재확인하고 목표주가 223.00달러를 제시했습니다. HSBC는 12월 10일 수요일 보고서에서 AbbVie 주식 등급을 '보유'에서 '매수'로 상향하고 회사의 목표주가를 225.00달러에서 265.00달러로 높였습니다. 마지막으로 Barclays는 2월 19일 목요일 보고서에서 AbbVie 주식에 대한 커버리지를 시작했습니다. 이들은 해당 종목에 '비중확대' 등급과 275.00달러의 목표주가를 제시했습니다. 두 명의 애널리스트가 이 주식에 '강력 매수' 등급을, 14명이 '매수' 등급을, 9명이 회사 주식에 '보유' 등급을 부여했습니다. MarketBeat의 데이터에 따르면 AbbVie는 현재 '중간 매수' 컨센서스 등급과 253.15달러의 평균 목표주가를 보유하고 있습니다. 이번 주 AbbVie에 영향을 미치는 주요 뉴스는 다음과 같습니다. 다른 AbbVie 소식으로, EVP Perry C. Siatis는 2월 25일 수요일 거래에서 회사 주식 22,381주를 매도했습니다. 주식은 주당 평균 230.00달러에 매도됐으며, 총 거래액은 5,147,630.00달러였습니다. 거래 완료 후 수석 부사장은 회사 주식 38,137주를 직접 보유하고 있었으며, 가치는 8,771,510달러였습니다. 이는 주식 보유량이 36.98% 감소한 것을 의미합니다. 해당 거래는 SEC 웹사이트에서 열람 가능한 SEC에 제출된 문서에 공시됐습니다. 또한 SVP David Ryan Purdue는 3월 4일 수요일 거래에서 회사 주식 5,230주를 매도했습니다. 주식은 주당 평균 233.56달러에 매도됐으며, 총 가치는 1,221,518.80달러였습니다. 거래 완료 후 수석 부사장은 회사 주식 2,654주를 보유하게 되었으며, 가치는 약 619,868.24달러였습니다. 이는 주식 보유량이 66.34% 감소한 것을 의미합니다. 이 공시는 SEC 제출 문서에서 확인할 수 있습니다. 내부자들은 회사 주식의 0.25%를 보유하고 있습니다. AbbVie는 2013년 Abbott Laboratories에서 분사해 설립된 글로벌 연구 중심 바이오제약 회사로, 일리노이주 노스시카고에 본사를 두고 있습니다. 회사는 복잡하고 종종 만성적인 의학적 질환을 위한 치료법의 발견, 개발 및 상용화에 집중하고 있습니다. 사업은 연구개발, 제조, 규제업무 및 상용화 전반에 걸쳐 있으며, 여러 치료 영역에서 전문의약품을 시장에 출시하는 데 중점을 두고 있습니다. AbbVie의 제품 포트폴리오와 파이프라인은 면역학, 종양학, 신경과학, 바이러스학, 여성 건강 등 여러 주요 치료 범주를 포함합니다. 이 즉시 뉴스 알림은 독자들에게 가장 빠른 보도와 편향 없는 커버리지를 제공하기 위해 MarketBeat의 narrative science 기술과 금융 데이터를 바탕으로 생성되었습니다. 이 기사에 대한 질문이나 의견은 contact@marketbeat.com으로 보내주시기 바랍니다. AbbVie를 고려하기 전에 이 내용을 들어보시는 것이 좋습니다. MarketBeat는 월가에서 가장 높은 평가를 받는, 그리고 가장 뛰어난 성과를 내는 리서치 애널리스트들과 그들이 고객에게 추천하는 종목을 매일 추적합니다. MarketBeat는 주요 애널리스트들이 넓은 시장이 알아채기 전에 지금 조용히 매수를 권하는 5개 종목을 찾아냈는데, AbbVie는 그 목록에 없었습니다. 현재 AbbVie는 애널리스트들 사이에서 '중간 매수' 등급을 받고 있지만, 최고 등급 애널리스트들은 이 5개 종목이 더 나은 매수 대상이라고 보고 있습니다. 모두가 듣기 전에 다음 FAANG 종목을 찾고 계신가요? 링크를 클릭해 MarketBeat 애널리스트들이 차세대 1조 달러 기술기업이 될 수 있다고 생각하는 종목을 확인하세요. MarketBeat All Access에 가입하면 MarketBeat의 전체 리서치 도구를 이용할 수 있습니다. 345 N Reid Place, Suite 620, Sioux Falls, SD 57103 contact@marketbeat.com (844) 978-6257 © MarketBeat Media, LLC 2010-2026. 모든 권리 보유. © 2026 공정시장가치는 매분 업데이트되며 Massive에서 제공합니다. 기타 시장 데이터는 최소 10분 지연되며 Barchart Solutions가 호스팅합니다. 정보는 '있는 그대로' 제공되며 오직 정보 제공 목적으로만 사용되고 거래 목적이나 조언용이 아니며 지연이 있을 수 있습니다. 모든 거래소 지연 및 이용약관은 Barchart의 면책조항을 참조하십시오. 당사와 파트너는 귀하의 경험 향상을 돕기 위해 이 웹사이트 사용 정보에 대한 데이터를 공유합니다. 자세한 정보 또는 제외를 원하시면 아래의 '내 정보 판매 금지(Do Not Sell My Information)' 버튼을 클릭하십시오.",https://www.marketbeat.com/instant-alerts/filing-wealthcare-advisory-partners-llc-grows-stake-in-abbvie-inc-abbv-2026-03-28/,Neutral
6,ABBV,2026-03-28 10:32:03,"Generate Investment Management Ltd, AbbVie Inc. $ABBV 주식 49,224주 매도 - MarketBeat","Generate Investment Management Ltd는 최근 미국 증권거래위원회(SEC)에 제출한 보고서에 따르면, 4분기 동안 AbbVie Inc.(NYSE:ABBV - Free Report) 주식 보유를 56.8% 줄였다. 이 회사는 분기 중 49,224주를 매도한 뒤 회사 주식 37,445주를 보유했다. 최근 분기 말 기준 Generate Investment Management Ltd의 AbbVie 보유 가치는 8,556,000달러였다. 최근 여러 대형 투자자들도 ABBV 지분을 추가하거나 축소했다. Brighton Jones LLC는 4분기 동안 AbbVie 주식 보유 비중을 17.4% 늘렸다. Brighton Jones LLC는 지난 분기 3,401주를 추가 매수한 뒤 현재 회사 주식 22,912주를 보유하고 있으며 가치는 4,072,000달러다. Revolve Wealth Partners LLC는 4분기 AbbVie 보유 주식을 72.7% 늘렸다. Revolve Wealth Partners LLC는 지난 분기 3,064주를 추가 매수한 뒤 현재 회사 주식 7,279주를 보유하고 있으며 가치는 1,294,000달러다. Schnieders Capital Management LLC.는 2분기 동안 AbbVie 주식 보유 비중을 5.0% 늘렸다. Schnieders Capital Management LLC.는 지난 분기 789주를 추가 취득한 뒤 현재 회사 주식 16,466주를 보유하고 있으며 가치는 3,056,000달러다. GM Advisory Group LLC는 2분기 동안 AbbVie 주식 보유 비중을 86.3% 늘렸다. GM Advisory Group LLC는 지난 분기 3,164주를 추가 취득한 뒤 현재 회사 주식 6,831주를 보유하고 있으며 가치는 1,268,000달러다. 마지막으로 Groupama Asset Managment는 2분기 동안 AbbVie 지분을 1.6% 늘렸다. Groupama Asset Managment는 지난 분기 2,290주를 추가 취득한 뒤 현재 회사 주식 149,687주를 보유하고 있으며 가치는 27,289,000달러다. 주식의 70.23%는 헤지펀드 및 기타 기관투자가가 보유하고 있다.

AbbVie 주식은 금요일에 209.46달러에 개장했다. AbbVie Inc.의 52주 최저가는 164.39달러, 52주 최고가는 244.81달러다. 이 회사의 50일 이동평균은 221.96달러이며 200일 이동평균은 224.52달러다. 시가총액은 3,703억7,000만 달러, 주가수익비율(P/E)은 88.76, PEG 비율은 0.73, 베타는 0.34다.

AbbVie(NYSE:ABBV - Get Free Report)는 마지막으로 2월 4일 수요일 분기 실적을 발표했다. 회사는 해당 분기 주당순이익(EPS) 2.71달러를 보고해 애널리스트 컨센서스 예상치 2.65달러를 0.06달러 상회했다. 매출은 166억2,000만 달러로, 애널리스트 예상치 163억9,000만 달러를 웃돌았다. AbbVie의 순이익률은 6.91%였고 자기자본이익률(ROE)은 -1,579.75%였다. 매출은 전년 동기 대비 10.0% 증가했다. 지난해 같은 기간 회사는 주당순이익 2.16달러를 기록했다. AbbVie는 2026 회계연도 가이던스를 EPS 14.370~14.570달러, 2026년 1분기 가이던스를 EPS 2.970~3.010달러로 제시했다. 평균적으로 주식 리서치 애널리스트들은 AbbVie Inc.가 მიმდინარე 회계연도에 주당순이익 12.31달러를 기록할 것으로 예상한다.

이 회사는 또한 최근 분기 배당을 공시했으며, 배당금은 5월 15일 금요일에 지급될 예정이다. 4월 15일 수요일 기준 주주명부에 등재된 주주들은 주당 1.73달러의 배당금을 받게 된다. 이는 연간 기준 6.92달러, 배당수익률 3.3%에 해당한다. 이 배당의 배당락일은 4월 15일 수요일이다. AbbVie의 현재 배당성향은 293.22%다.

이번 주 AbbVie에 영향을 미치는 주요 뉴스는 다음과 같다.
여러 애널리스트가 이 종목에 대한 리포트를 발표했다. Guggenheim은 3월 12일 목요일 리포트에서 AbbVie 주식에 대한 ‘매수’ 의견을 재확인했다. UBS Group은 2월 5일 목요일 리포트에서 AbbVie 목표주가를 240.00달러에서 230.00달러로 낮추고 회사에 대해 ‘중립’ 의견을 제시했다. William Blair는 3월 9일 월요일 리서치 리포트에서 ‘시장수익률 상회(outperform)’ 의견을 재차 제시했다. Barclays는 2월 19일 목요일 리포트에서 AbbVie에 대한 커버리지를 시작하며 ‘비중확대(overweight)’ 의견과 275.00달러의 목표주가를 제시했다. 마지막으로 Berenberg Bank는 1월 20일 화요일 리서치 रिपोर्ट에서 AbbVie 목표주가를 275.00달러로 설정했다. 두 명의 리서치 애널리스트가 이 종목에 ‘강력 매수(Strong Buy)’를, 14명이 ‘매수(Buy)’를, 9명이 ‘보유(Hold)’를 부여했다. MarketBeat.com에 따르면 AbbVie의 현재 컨센서스 투자의견은 ‘중간 매수(Moderate Buy)’이며 평균 목표주가는 253.15달러다.

다른 AbbVie 관련 소식으로, EVP Perry C. Siatis는 2월 25일 수요일에 발생한 거래에서 회사 주식 22,381주를 매도했다. 주식은 평균 230.00달러에 매도됐으며 총 거래대금은 5,147,630.00달러였다. 매도 후 이 부사장은 회사 주식 38,137주를 직접 보유하고 있으며, 가치는 8,771,510달러다. 이는 해당 주식 보유 지분이 36.98% 감소한 것이다. 이 매도는 SEC에 제출된 문서에 공시됐으며, 해당 문서는 이 링크에서 확인할 수 있다. 또한 SVP David Ryan Purdue는 3월 4일 수요일 발생한 거래에서 회사 주식 5,230주를 매도했다. 주식은 평균 233.56달러에 매도됐으며 총 가치는 1,221,518.80달러였다. 매도 완료 후 이 수석부사장은 회사 주식 2,654주를 직접 보유하고 있으며, 가치는 619,868.24달러다. 이 거래는 주식 보유 지분이 66.34% 감소한 것이다. 이 매도에 대한 공시는 SEC 제출 서류에서 확인할 수 있다. 내부자들은 회사 주식의 0.25%를 보유하고 있다.

AbbVie는 2013년 Abbott Laboratories에서 분사해 설립된 글로벌 연구 중심 바이오의약품 회사로, 일리노이주 노스 시카고에 본사를 두고 있다. 회사는 복잡하고 종종 만성적인 의료 질환에 대한 치료법을 발견, 개발 및 상용화하는 데 주력한다. 사업은 연구개발, 제조, 규제 업무 및 상용화를 포괄하며, 여러 치료 분야에서 특화 의약품을 시장에 출시하는 데 중점을 둔다. AbbVie의 제품 포트폴리오와 파이프라인은 면역학, 종양학, 신경과학, 바이러스학, 여성 건강 등 여러 주요 치료 범주를 아우른다.

다른 헤지펀드들이 ABBV를 어떻게 보유하고 있는지 보고 싶으신가요? AbbVie Inc.(NYSE:ABBV - Free Report)의 최신 13F 제출 서류와 내부자 거래를 보려면 HoldingsChannel.com을 방문하세요. 이 즉시 뉴스 알림은 MarketBeat의 내러티브 과학 기술과 금융 데이터를 바탕으로 생성되어 독자들에게 가장 빠른 보도와 편향 없는 커버리지를 제공하기 위해 작성되었습니다. 이 기사에 대한 질문이나 의견은 contact@marketbeat.com으로 보내주시기 바랍니다.

AbbVie를 고려하기 전에 이 내용을 들어보시기 바랍니다. MarketBeat는 월가에서 가장 높은 평가를 받는, 그리고 가장 좋은 성과를 내는 리서치 애널리스트들과 그들이 고객에게 추천하는 종목을 매일 추적합니다. MarketBeat는 최고 애널리스트들이 시장 전체가 알아차리기 전에 조용히 고객에게 지금 매수하라고 속삭이는 5개 종목을 확인했는데, AbbVie는 그 목록에 없었습니다. AbbVie는 현재 애널리스트들 사이에서 중간 매수(Moderate Buy) 등급을 받고 있지만, 최고 평가 애널리스트들은 이 5개 종목이 더 나은 매수 대상이라고 보고 있습니다.

주식시장에 이제 막 입문하셨나요? 이 10개의 간단한 종목은 옵션, 기술적 분석 또는 기타 고급 전략을 알지 못하더라도 초보 투자자가 장기적 부를 쌓는 데 도움이 될 수 있습니다. MarketBeat All Access에 가입해 MarketBeat의 전체 리서치 도구 모음을 이용해 보세요.

345 N Reid Place, Suite 620, Sioux Falls, SD 57103 contact@marketbeat.com (844) 978-6257 © MarketBeat Media, LLC 2010-2026. All rights reserved. © 2026 공정가치 가격은 매분 업데이트되며 Massive가 제공합니다. 기타 시장 데이터는 최소 10분 지연되며 Barchart Solutions에서 호스팅됩니다. 정보는 ‘있는 그대로(as-is)’ 제공되며 오로지 정보 제공 목적일 뿐 거래 목적이나 조언을 위한 것이 아니며 지연이 적용됩니다. 모든 거래소 지연 및 이용 약관은 Barchart의 면책조항을 참조하십시오. 당사와 파트너는 귀하의 경험 향상을 위해 본 웹사이트 사용에 대한 정보를 공유합니다. 자세한 정보 또는 거부를 원하시면 아래의 내 정보 판매 금지(Do Not Sell My Information) 버튼을 클릭하십시오.",https://www.marketbeat.com/instant-alerts/filing-generate-investment-management-ltd-sells-49224-shares-of-abbvie-inc-abbv-2026-03-28/,Neutral
7,ABBV,2026-03-28 10:20:20,Eli Lilly 주식이 여전히 매수인 1가지 이유 - theglobeandmail.com,"Eli Lilly는 업계 기준으로 볼 때 경쟁력 있는 마진을 자랑한다. 여러 이니셔티브가 회사가 이 부분에서 더 개선하는 데 도움이 될 수 있다.

체중 감량 의약품 시장에서의 선도에도 불구하고 Eli Lilly(NYSE: LLY)는 올해 좋은 성과를 내지 못하고 있으며, 현재까지 주가는 15% 하락했다. 일부는 이 제약사가 결국 핵심 틈새시장에서 치열한 경쟁에 직면해 가격 결정력과 이익이 약화될 것이라고 우려한다. 그러나 Eli Lilly는 깊은 파이프라인을 넘어 중기적으로도 좋은 성과를 내는 데 도움이 될 여러 강점을 갖고 있다. 향후 5년 동안 주식이 강한 수익률을 제공할 수 있는 한 가지 이유를 살펴보자.

AI가 세계 최초의 조만장자를 만들까? 우리 팀은 방금 Nvidia와 Intel 모두 필요로 하는 핵심 기술을 제공하는 ‘필수불가결한 독점(Indispensable Monopoly)’으로 불리는 잘 알려지지 않은 한 기업에 대한 보고서를 발표했다. 계속 »

2020년 이후 Eli Lilly의 매출총이익률과 영업이익률은 눈에 띄게 개선됐다. 2025년 4분기 기준 회사의 마진은 비슷한 규모의 경쟁사들보다 더 높다. LLY 매출총이익률(분기별) 데이터: YCharts

Eli Lilly는 비만 및 당뇨병 치료제인 Zepbound와 Mounjaro 같은 GLP-1 브랜드의 빠른 매출 성장 덕분에 수혜를 입었다. 그러나 그것이 전부는 아닐 수 있다. 마진 개선은 매출이 비용보다 훨씬 빠르게 증가하고 있음을 보여주며, 이는 여러 요인 가운데 특히 Eli Lilly가 약을 더 효율적으로 제조하고 있음을 시사할 수 있다.

경영진의 발언도 이러한 해석을 뒷받침한다. 최근 실적 발표 컨퍼런스콜에서 회사는 부분적으로 생산비용 개선을 공로로 언급했다. 이제 Eli Lilly의 마진 확대에는 위협도 있다. 회사는 일부 제품의 실현 가격 하락이 개선된 생산비용에 따른 마진 개선 일부를 상쇄했다고 언급했다. 더 많은 항비만제가 시장에 진입하면 이 측면에서 상황은 더욱 어려워질 수 있다.

그러나 Eli Lilly가 중기적으로 비교적 높은 마진을 유지할 수 있는 이유도 있다. 이는 향후 출시할 수 있는 신규 후보 최고 수준의 의약품을 넘어서는 부분이다. 그중 두 가지를 보자.

첫째, Eli Lilly는 제조 능력 확대에 대규모로 투자하고 있다. 회사는 2020년 이후 이를 위해 550억 달러를 투입했다. 이러한 투자는 단기적으로는 이익과 마진에 부담을 줄 수 있지만, 궁극적으로는 제조 역량을 높이는 동시에 비용을 낮춰 상당한 규모의 경제를 이끌 수 있다.

둘째, Eli Lilly의 인공지능(AI) 투자도 영향을 미칠 수 있다. 다만 즉각적이지는 않다. Eli Lilly는 Nvidia의 도움을 받아 제약업계 최대 규모의 슈퍼컴퓨터를 구축했다. 회사의 목표에는 신약 발굴 가속화, 임상시험의 효율적 설계 등이 포함된다. 실험실에서 새로운 화합물을 임상 단계로 옮기는 데 일반적으로 소요되는 시간과 비용을 단 5%만 줄여도 사업 전반에 영향을 미쳐 비용 절감과 마진 개선에 도움이 될 수 있다. 따라서 투자자들은 Eli Lilly의 AI 관련 노력에 주목해야 한다.

한편 회사의 강한 매출 및 이익 성장과, 가장 빠르게 성장하는 치료 분야 중 하나에서 업계를 선도하는 제품군 및 파이프라인은 이 주식을 매력적으로 만든다.

Motley Fool Stock Advisor 애널리스트 팀은 방금 자신들이 현재 투자자들이 매수해야 한다고 생각하는 최고의 10개 종목을 선정했는데… Eli Lilly는 그 안에 없었다. 선정된 10개 종목은 향후 수년간 폭발적인 수익을 낼 수 있다. 2004년 12월 17일 이 리스트에 Netflix가 포함됐던 때를 생각해 보자. 당시 추천 시점에 1,000달러를 투자했다면 현재 503,268달러가 되었을 것이다!* 또는 2005년 4월 15일 Nvidia가 이 리스트에 올랐을 때를 생각해 보자. 당시 추천 시점에 1,000달러를 투자했다면 현재 1,049,793달러가 되었을 것이다!* 이제 Stock Advisor의 총 평균 수익률이 898%라는 점도 주목할 만하다. 이는 S&P 500의 182%를 압도하는 성과다.

Stock Advisor에서 제공하는 최신 Top 10 리스트를 놓치지 말고, 개인 투자자들을 위해 만들어진 투자 커뮤니티에 참여해 보세요. Prosper Junior Bakiny는 Eli Lilly와 Nvidia의 포지션을 보유하고 있다. Motley Fool은 Nvidia의 포지션을 보유하고 있으며 Nvidia를 추천한다. Motley Fool은 공시 정책을 보유하고 있다. 모든 시장 데이터(새 탭에서 열림)는 Barchart Solutions에서 제공한다. Copyright © 2026. 정보는 ‘있는 그대로(as is)’ 제공되며 오로지 정보 제공 목적일 뿐 거래 목적이나 조언을 위한 것이 아니다. 거래소 지연 및 이용 약관에 대해서는 면책조항(새 탭에서 열림)을 읽어보라.",https://www.theglobeandmail.com/investing/markets/stocks/ABBV/pressreleases/1020117/1-reason-eli-lilly-stock-is-still-a-buy/,Growth
8,ABBV,2026-03-28 09:17:51,"TABR Capital Management LLC, AbbVie Inc. $ABBV에 신규 포지션 취득 - MarketBeat","TABR Capital Management LLC는 최근 SEC에 제출한 보고서에 따르면 4분기 AbbVie Inc.(NYSE:ABBV - Free Report) 주식에 신규 포지션을 매수했다. 이 펀드는 회사 주식 47,486주를 약 10,850,000달러 가치로 매수했다. AbbVie는 TABR Capital Management LLC 투자 포트폴리오의 4.2%를 차지해 3번째로 큰 보유 종목이 됐다. 다른 여러 헤지펀드들도 최근 ABBV 주식을 매수·매도했다. Norges Bank는 2분기 동안 AbbVie에 신규 지분을 취득했으며 가치는 약 4,288,200,000달러다. Wellington Management Group LLP는 3분기 동안 AbbVie 주식 보유를 457.4% 늘렸다. Wellington Management Group LLP는 지난 분기 8,646,424주를 추가 취득한 뒤 현재 회사 주식 10,536,901주를 보유하고 있으며 가치는 2,439,714,000달러다. DZ BANK AG Deutsche Zentral Genossenschafts Bank Frankfurt am Main은 2분기 동안 AbbVie 지분을 169.3% 늘렸다. DZ BANK AG Deutsche Zentral Genossenschafts Bank Frankfurt am Main은 지난 기간 2,969,202주를 추가 취득한 뒤 현재 회사 주식 4,722,893주를 보유하고 있으며 가치는 876,662,000달러다. Raymond James Financial Inc.는 2분기 동안 AbbVie 주식 보유를 41.8% 늘렸다. Raymond James Financial Inc.는 해당 기간 2,753,312주를 추가 취득한 뒤 현재 회사 주식 9,337,480주를 보유하고 있으며 가치는 1,733,222,000달러다. 마지막으로 Amundi는 2분기 동안 AbbVie 주식 보유를 36.6% 늘렸다. Amundi는 지난 분기 2,435,372주를 추가 취득한 뒤 현재 회사 주식 9,093,696주를 보유하고 있으며 가치는 1,734,623,000달러다. 헤지펀드 및 기타 기관투자가가 회사 주식의 70.23%를 보유하고 있다.

다른 뉴스로, SVP David Ryan Purdue는 3월 4일 수요일 날짜의 거래에서 주식 5,230주를 매도했다. 주식은 평균 233.56달러에 매도됐으며 총 거래금액은 1,221,518.80달러였다. 거래 이후 수석부사장은 회사 주식 2,654주를 보유했으며, 가치는 약 619,868.24달러다. 이 거래는 해당 주식 보유가 66.34% 감소했음을 의미한다. 매도는 SEC에 제출된 문서에 공시됐으며, SEC 웹사이트를 통해 확인할 수 있다. 또한 EVP Perry C. Siatis는 2월 25일 수요일 날짜의 거래에서 AbbVie 주식 22,381주를 매도했다. 주식은 평균 230.00달러에 매도됐으며 총 가치는 5,147,630.00달러였다. 거래 완료 후 이 수석부사장은 회사 주식 38,137주를 직접 보유했으며, 가치는 8,771,510달러였다. 이 거래는 주식 보유 지분이 36.98% 감소했음을 나타낸다. 이 매도에 대한 공시는 SEC 제출 서류에서 확인할 수 있다. 내부자들은 회사 주식의 0.25%를 보유하고 있다.

ABBV 주식은 금요일에 209.46달러에 개장했다. 주식의 시가총액은 3,703억7,000만 달러, PER은 88.76, P/E/G 비율은 0.73, 베타는 0.34다. AbbVie Inc.의 52주 최저가는 164.39달러, 52주 최고가는 244.81달러다. 회사의 50일 이동평균가는 221.96달러, 200일 이동평균가는 224.52달러다.

AbbVie(NYSE:ABBV - Get Free Report)는 마지막으로 2월 4일 수요일에 분기 실적을 발표했다. 회사는 해당 분기 EPS 2.71달러를 보고해 애널리스트 컨센서스 예상치 2.65달러를 0.06달러 상회했다. AbbVie의 순이익률은 6.91%였고 자기자본이익률(ROE)은 -1,579.75%였다. 해당 분기 매출은 166억2,000만 달러로, 애널리스트 예상치 163억9,000만 달러를 웃돌았다. 전년 동기 같은 분기에는 주당순이익 2.16달러를 기록했다. 분기 매출은 전년 대비 10.0% 증가했다. AbbVie는 2026 회계연도 가이던스를 EPS 14.370~14.570달러, 2026년 1분기 가이던스를 EPS 2.970~3.010달러로 제시했다. 매도측 애널리스트들은 AbbVie Inc.가 올해 EPS 12.31달러를 기록할 것으로 예상한다. 회사는 또한 최근 분기 배당을 발표했으며, 배당금은 5월 15일 금요일에 지급될 예정이다. 4월 15일 수요일 기준 주주들은 주당 1.73달러의 배당을 받게 된다. 이는 연간 6.92달러의 배당과 3.3%의 수익률에 해당한다. 배당락일은 4월 15일 수요일이다. AbbVie의 배당성향은 293.22%다.

최근 여러 증권사들이 ABBV에 대해 의견을 냈다. Evercore는 2월 4일 수요일 리서치 리포트에서 AbbVie 목표주가를 232.00달러에서 228.00달러로 낮추고 ‘시장수익률 상회(outperform)’ 의견을 제시했다. Barclays는 2월 19일 목요일 리서치 नोट에서 AbbVie에 대한 커버리지를 시작하며 ‘비중확대(overweight)’ 의견과 275.00달러의 목표주가를 제시했다. UBS Group은 2월 5일 목요일 리서치 리포트에서 AbbVie 목표주가를 240.00달러에서 230.00달러로 낮추고 ‘중립’ 의견을 부여했다. Piper Sandler는 2월 18일 수요일 리서치 노트에서 AbbVie 목표주가를 289.00달러에서 299.00달러로 상향하고 ‘비중확대(overweight)’ 의견을 제시했다. 마지막으로 Berenberg Bank는 1월 20일 화요일 리포트에서 AbbVie 목표주가를 275.00달러로 설정했다. 두 명의 리서치 애널리스트가 이 종목에 ‘강력 매수(Strong Buy)’를, 14명이 ‘매수(Buy)’를, 9명이 ‘보유(Hold)’를 부여했다. MarketBeat.com의 데이터에 따르면 현재 이 종목의 평균 의견은 ‘중간 매수(Moderate Buy)’이며 평균 목표주가는 253.15달러다.

이번 주 AbbVie에 영향을 미치는 주요 뉴스는 다음과 같다.
AbbVie는 2013년 Abbott Laboratories에서 분사해 설립된 글로벌 연구 중심 바이오의약품 회사로, 일리노이주 노스 시카고에 본사를 두고 있다. 회사는 복잡하고 종종 만성적인 의료 질환에 대한 치료법을 발견, 개발 및 상용화하는 데 주력한다. 사업은 연구개발, 제조, 규제 업무 및 상용화를 포괄하며, 여러 치료 분야에서 특화 의약품을 시장에 출시하는 데 중점을 둔다. AbbVie의 제품 포트폴리오와 파이프라인은 면역학, 종양학, 신경과학, 바이러스학, 여성 건강 등 여러 주요 치료 범주를 아우른다.

이 즉시 뉴스 알림은 MarketBeat의 내러티브 과학 기술과 금융 데이터를 바탕으로 생성되어 독자들에게 가장 빠른 보도와 편향 없는 커버리지를 제공하기 위해 작성되었습니다. 이 기사에 대한 질문이나 의견은 contact@marketbeat.com으로 보내주시기 바랍니다.

AbbVie를 고려하기 전에 이 내용을 들어보시기 바랍니다. MarketBeat는 월가에서 가장 높은 평가를 받는, 그리고 가장 좋은 성과를 내는 리서치 애널리스트들과 그들이 고객에게 추천하는 종목을 매일 추적합니다. MarketBeat는 최고 애널리스트들이 시장 전체가 알아차리기 전에 조용히 고객에게 지금 매수하라고 속삭이는 5개 종목을 확인했는데, AbbVie는 그 목록에 없었습니다. AbbVie는 현재 애널리스트들 사이에서 중간 매수(Moderate Buy) 등급을 받고 있지만, 최고 평가 애널리스트들은 이 5개 종목이 더 나은 매수 대상이라고 보고 있습니다.

골드의 시대를 초월한 가치를 우리의 2026 골드 전망 보고서로 확인해 보세요. 인플레이션, 경제 변화, 글로벌 불확실성으로부터 자산을 지키는 데 금이 왜 궁극적인 투자처인지 알아보십시오. 미래 세대를 계획하든 혼란스러운 시기에 신뢰할 수 있는 자산을 찾고 있든, 이 보고서는 정보에 기반한 결정을 내리기 위한 필수 가이드입니다.

MarketBeat All Access에 가입해 MarketBeat의 전체 리서치 도구 모음을 이용해 보세요.

345 N Reid Place, Suite 620, Sioux Falls, SD 57103 contact@marketbeat.com (844) 978-6257 © MarketBeat Media, LLC 2010-2026. All rights reserved. © 2026 공정가치 가격은 매분 업데이트되며 Massive가 제공합니다. 기타 시장 데이터는 최소 10분 지연되며 Barchart Solutions에서 호스팅됩니다. 정보는 ‘있는 그대로(as-is)’ 제공되며 오로지 정보 제공 목적일 뿐 거래 목적이나 조언을 위한 것이 아니며 지연이 적용됩니다. 모든 거래소 지연 및 이용 약관은 Barchart의 면책조항을 참조하십시오. 당사와 파트너는 귀하의 경험 향상을 위해 본 웹사이트 사용에 대한 정보를 공유합니다. 자세한 정보 또는 거부를 원하시면 아래의 내 정보 판매 금지(Do Not Sell My Information) 버튼을 클릭하십시오.",https://www.marketbeat.com/instant-alerts/filing-tabr-capital-management-llc-takes-position-in-abbvie-inc-abbv-2026-03-28/,Neutral
9,ABBV,2026-03-28 08:39:27,"Exchange Traded Concepts LLC, AbbVie Inc. $ABBV 주식 보유 비중 확대 - MarketBeat","Exchange Traded Concepts LLC는 최근 SEC에 제출한 가장 최근 13F 보고서에 따르면 4분기 동안 AbbVie Inc.(NYSE:ABBV - Free Report) 주식 보유 비중을 150.9% 늘렸다. 이 펀드는 해당 기간 62,803주를 추가 매수한 뒤 회사 주식 104,415주를 보유했다. SEC에 제출한 최근 보고서 기준 Exchange Traded Concepts LLC의 AbbVie 보유 가치는 23,858,000달러였다.

다른 여러 대형 투자자들도 회사 내 포지션을 변경했다. Norges Bank는 2분기 동안 AbbVie에 신규 지분을 취득했으며 가치는 약 4,288,200,000달러다. Wellington Management Group LLP는 3분기 동안 AbbVie 주식 보유를 457.4% 늘렸다. Wellington Management Group LLP는 지난 기간 8,646,424주를 추가 매수한 뒤 현재 회사 주식 10,536,901주를 보유하고 있으며 가치는 2,439,714,000달러다. DZ BANK AG Deutsche Zentral Genossenschafts Bank Frankfurt am Main은 2분기 동안 AbbVie 주식 지분을 169.3% 늘렸다. DZ BANK AG Deutsche Zentral Genossenschafts Bank Frankfurt am Main은 지난 분기 2,969,202주를 추가 매수한 뒤 현재 회사 주식 4,722,893주를 보유하고 있으며 가치는 876,662,000달러다. Raymond James Financial Inc.는 2분기 동안 AbbVie 주식 보유를 41.8% 늘렸다. Raymond James Financial Inc.는 해당 기간 2,753,312주를 추가 매수한 뒤 현재 회사 주식 9,337,480주를 보유하고 있으며 가치는 1,733,222,000달러다. 마지막으로 Amundi는 2분기 동안 AbbVie 주식 보유를 36.6% 늘렸다. Amundi는 해당 기간 2,435,372주를 추가 매수한 뒤 현재 회사 주식 9,093,696주를 보유하고 있으며 가치는 1,734,623,000달러다. 주식의 70.23%는 헤지펀드 및 기타 기관투자가가 보유하고 있다.

NYSE ABBV는 금요일에 209.46달러에 개장했다. 이 주식의 시가총액은 3,703억7,000만 달러, 주가수익비율(P/E)은 88.76, P/E/G 비율은 0.73, 베타는 0.34다. AbbVie Inc.의 52주 최저가는 164.39달러, 52주 최고가는 244.81달러다. 회사의 50일 이동평균가는 221.96달러, 200일 이동평균가는 224.52달러다.

AbbVie(NYSE:ABBV - Get Free Report)는 마지막으로 2월 4일 수요일 분기 실적을 발표했다. 회사는 해당 분기 EPS 2.71달러를 보고해 애널리스트 컨센서스 예상치 2.65달러를 0.06달러 상회했다. AbbVie의 순이익률은 6.91%였고 자기자본이익률(ROE)은 -1,579.75%였다. 해당 분기 매출은 166억2,000만 달러로, 컨센서스 예상치 163억9,000만 달러를 웃돌았다. 전년 같은 분기에는 주당순이익 2.16달러를 기록했다. 분기 매출은 전년 대비 10.0% 증가했다. AbbVie는 2026 회계연도 가이던스를 EPS 14.370~14.570달러, 2026년 1분기 가이던스를 EPS 2.970~3.010달러로 제시했다. 매도측 애널리스트들은 AbbVie Inc.가 올해 EPS 12.31달러를 기록할 것으로 예상한다.

회사는 또한 최근 분기 배당을 선언했으며, 배당금은 5월 15일 금요일에 지급될 예정이다. 4월 15일 수요일 기준 주주들은 주당 1.73달러의 배당을 받게 된다. 배당락일은 4월 15일 수요일이다. 이는 연간 6.92달러의 배당과 3.3%의 배당수익률을 의미한다. AbbVie의 배당성향(DPR)은 현재 293.22%다.

다른 AbbVie 관련 소식으로, SVP David Ryan Purdue는 3월 4일 수요일에 발생한 거래에서 회사 주식 5,230주를 매도했다. 주식은 평균 233.56달러에 매도됐으며 총 가치는 1,221,518.80달러였다. 거래 후 이 수석부사장은 회사 주식 2,654주를 보유했으며, 가치는 619,868.24달러였다. 이 거래는 해당 지분이 66.34% 감소했음을 의미한다. 이 매도는 SEC 웹사이트를 통해 확인할 수 있는 SEC 제출 서류에 공시됐다. 또한 EVP Perry C. Siatis는 2월 25일 수요일 날짜의 거래에서 AbbVie 주식 22,381주를 매도했다. 주식은 평균 230.00달러에 매도됐으며 총 거래대금은 5,147,630.00달러였다. 거래 완료 후 이 수석부사장은 회사 주식 38,137주를 직접 보유했으며, 가치는 약 8,771,510달러였다. 이 거래는 주식 보유 지분이 36.98% 감소한 것이다. 이 매도에 대한 추가 세부 정보는 공식 SEC 공시에 있다. 내부자들은 회사 주식의 0.25%를 보유하고 있다.

이번 주 AbbVie에 영향을 미치는 주요 뉴스는 다음과 같다.
여러 리서치 기관이 최근 ABBV에 대해 의견을 내놓았다. Sanford C. Bernstein은 2월 5일 목요일 보고서에서 AbbVie 주식에 대한 ‘시장수익률(market perform)’ 의견을 재확인했다. Citigroup은 1월 27일 화요일 리서치 리포트에서 AbbVie 목표주가를 235.00달러에서 230.00달러로 낮추고 ‘중립’ 의견을 제시했다. William Blair는 3월 9일 월요일 리서치 노트에서 ‘시장수익률 상회(outperform)’ 의견을 재차 제시했다. HSBC는 12월 10일 수요일 리포트에서 AbbVie 주식을 ‘보유(hold)’에서 ‘매수(buy)’로 상향하고 목표주가를 225.00달러에서 265.00달러로 올렸다. 마지막으로 Berenberg Bank는 1월 20일 화요일 리서치 리포트에서 AbbVie 주식 목표주가를 275.00달러로 설정했다. 두 명의 리서치 애널리스트가 이 종목에 ‘강력 매수(Strong Buy)’를, 14명이 ‘매수(Buy)’를, 9명이 ‘보유(Hold)’를 부여했다. MarketBeat.com의 데이터에 따르면 이 종목의 현재 평균 의견은 ‘중간 매수(Moderate Buy)’이며 평균 목표주가는 253.15달러다.

AbbVie는 2013년 Abbott Laboratories에서 분사해 설립된 글로벌 연구 중심 바이오의약품 회사로, 일리노이주 노스 시카고에 본사를 두고 있다. 회사는 복잡하고 종종 만성적인 의료 질환에 대한 치료법을 발견, 개발 및 상용화하는 데 주력한다. 사업은 연구개발, 제조, 규제 업무 및 상용화를 포괄하며, 여러 치료 분야에서 특화 의약품을 시장에 출시하는 데 중점을 둔다. AbbVie의 제품 포트폴리오와 파이프라인은 면역학, 종양학, 신경과학, 바이러스학, 여성 건강 등 여러 주요 치료 범주를 아우른다.

이 즉시 뉴스 알림은 MarketBeat의 내러티브 과학 기술과 금융 데이터를 바탕으로 생성되어 독자들에게 가장 빠른 보도와 편향 없는 커버리지를 제공하기 위해 작성되었습니다. 이 기사에 대한 질문이나 의견은 contact@marketbeat.com으로 보내주시기 바랍니다.

AbbVie를 고려하기 전에 이 내용을 들어보시기 바랍니다. MarketBeat는 월가에서 가장 높은 평가를 받는, 그리고 가장 좋은 성과를 내는 리서치 애널리스트들과 그들이 고객에게 추천하는 종목을 매일 추적합니다. MarketBeat는 최고 애널리스트들이 시장 전체가 알아차리기 전에 조용히 고객에게 지금 매수하라고 속삭이는 5개 종목을 확인했는데, AbbVie는 그 목록에 없었습니다. AbbVie는 현재 애널리스트들 사이에서 중간 매수(Moderate Buy) 등급을 받고 있지만, 최고 평가 애널리스트들은 이 5개 종목이 더 나은 매수 대상이라고 보고 있습니다.

다음으로 모두가 알기 전에 급등할 다음 FAANG 주식을 찾고 계신가요? 링크를 클릭해 MarketBeat 애널리스트들이 다음 1조 달러 기술기업이 될 수 있다고 생각하는 종목이 무엇인지 확인해 보세요.

MarketBeat All Access에 가입해 MarketBeat의 전체 리서치 도구 모음을 이용해 보세요.

345 N Reid Place, Suite 620, Sioux Falls, SD 57103 contact@marketbeat.com (844) 978-6257 © MarketBeat Media, LLC 2010-2026. All rights reserved. © 2026 공정가치 가격은 매분 업데이트되며 Massive가 제공합니다. 기타 시장 데이터는 최소 10분 지연되며 Barchart Solutions에서 호스팅됩니다. 정보는 ‘있는 그대로(as-is)’ 제공되며 오로지 정보 제공 목적일 뿐 거래 목적이나 조언을 위한 것이 아니며 지연이 적용됩니다. 모든 거래소 지연 및 이용 약관은 Barchart의 면책조항을 참조하십시오. 당사와 파트너는 귀하의 경험 향상을 위해 본 웹사이트 사용에 대한 정보를 공유합니다. 자세한 정보 또는 거부를 원하시면 아래의 내 정보 판매 금지(Do Not Sell My Information) 버튼을 클릭하십시오.",https://www.marketbeat.com/instant-alerts/filing-exchange-traded-concepts-llc-increases-stock-position-in-abbvie-inc-abbv-2026-03-28/,Neutral
10,ABBV,2026-03-28 07:30:39,"AbbVie Inc. $ABBV 주식, Capital Investment Advisors LLC가 매수 - MarketBeat","Capital Investment Advisors LLC는 최근 SEC에 제출한 보고서에 따르면 4분기 동안 AbbVie Inc.(NYSE:ABBV - Free Report) 주식 보유를 2.3% 늘렸다. 이 기관투자가는 분기 중 7,114주를 추가 매수한 뒤 회사 주식 313,064주를 보유했다. AbbVie는 Capital Investment Advisors LLC 투자 포트폴리오의 약 1.1%를 차지하며, 24번째로 큰 보유 종목이 됐다. 최근 다른 여러 헤지펀드와 기관투자가들도 ABBV 주식을 매수·매도했다. Evolution Wealth Management Inc.는 2분기에 AbbVie에 신규 포지션을 취득했으며 가치는 26,000달러다. Chelsea Counsel Co.는 3분기 동안 AbbVie 주식의 신규 지분을 매수했으며 가치는 약 26,000달러다. Texas Capital Bancshares Inc TX는 3분기 동안 AbbVie 주식에 신규 포지션을 취득했으며 가치는 약 31,000달러다. Caitlin John LLC는 3분기 동안 AbbVie에 신규 포지션을 취득했으며 가치는 33,000달러다. 마지막으로 Delos Wealth Advisors LLC는 2분기 동안 AbbVie에 신규 지분을 취득했으며 가치는 약 39,000달러다. 주식의 70.23%는 기관투자가와 헤지펀드가 보유하고 있다.

다른 AbbVie 관련 소식으로, EVP Perry C. Siatis는 2월 25일 수요일에 발생한 거래에서 회사 주식 22,381주를 매도했다. 주식은 평균 230.00달러에 매도됐으며 총 가치는 5,147,630.00달러였다. 매도 완료 후 이 수석부사장은 회사 주식 38,137주를 직접 보유하고 있으며, 가치는 약 8,771,510달러다. 이 거래는 해당 주식 보유가 36.98% 감소했음을 의미한다. 이 거래는 SEC에 제출된 문서에 공시됐으며, 해당 문서는 이 링크를 통해 확인할 수 있다. 또한 SVP David Ryan Purdue는 3월 4일 수요일에 발생한 거래에서 회사 주식 5,230주를 매도했다. 주식은 평균 233.56달러에 매도됐으며 총 가치는 1,221,518.80달러였다. 매도 후 이 수석부사장은 회사 주식 2,654주를 보유했으며, 가치는 약 619,868.24달러다. 이는 해당 지분이 66.34% 감소했음을 의미한다. 이 매도에 대한 추가 정보는 SEC 제출 서류에 있다. 내부자들은 회사 주식의 0.25%를 보유하고 있다.

이번 주 AbbVie에 영향을 미치는 주요 뉴스는 다음과 같다.
ABBV는 최근 여러 애널리스트 보고서의 주제가 됐다. Citigroup은 1월 27일 화요일 보고서에서 AbbVie 주식 목표주가를 235.00달러에서 230.00달러로 낮추고 종목에 대해 ‘중립’ 의견을 제시했다. The Goldman Sachs Group은 1월 28일 수요일 리서치 리포트에서 ‘중립’ 의견을 재확인하고 AbbVie 주식 목표주가를 223.00달러로 설정했다. Piper Sandler는 2월 18일 수요일 리서치 노트에서 AbbVie 목표주가를 289.00달러에서 299.00달러로 상향하고 종목에 ‘비중확대(overweight)’ 의견을 부여했다. Royal Bank Of Canada는 2월 24일 화요일 리서치 리포트에서 AbbVie 주식에 대한 커버리지를 시작하며 ‘시장수익률 상회(outperform)’ 의견과 260.00달러의 목표주가를 제시했다. 마지막으로 UBS Group은 2월 5일 목요일 리서치 노트에서 AbbVie 목표주가를 240.00달러에서 230.00달러로 낮추고 회사에 대해 ‘중립’ 의견을 제시했다. 두 명의 리서치 애널리스트가 이 종목에 ‘강력 매수(Strong Buy)’를, 14명이 ‘매수(Buy)’를, 9명이 ‘보유(Hold)’를 부여했다. MarketBeat.com에 따르면 이 종목의 현재 평균 의견은 ‘중간 매수(Moderate Buy)’이며 평균 목표주가는 253.15달러다.

AbbVie 주식은 금요일에 209.46달러에 개장했다. AbbVie Inc.의 52주 최저가는 164.39달러, 52주 최고가는 244.81달러다. 회사의 50일 이동평균은 221.96달러이며 200일 이동평균은 224.52달러다. 시가총액은 3,703억7,000만 달러, P/E 비율은 88.76, P/E/G 비율은 0.73, 베타는 0.34다.

AbbVie(NYSE:ABBV - Get Free Report)는 마지막으로 2월 4일 수요일 분기 실적을 발표했다. 회사는 해당 분기 주당순이익(EPS) 2.71달러를 보고해 애널리스트 컨센서스 예상치 2.65달러를 0.06달러 상회했다. AbbVie의 순이익률은 6.91%였고 자기자본이익률(ROE)은 -1,579.75%였다. 해당 분기 매출은 166억2,000만 달러로, 애널리스트 예상치 163억9,000만 달러를 웃돌았다. 전년 동기 같은 분기에는 주당순이익 2.16달러를 기록했다. 분기 매출은 전년 대비 10.0% 증가했다. AbbVie는 2026 회계연도 가이던스를 EPS 14.370~14.570달러, 2026년 1분기 가이던스를 EPS 2.970~3.010달러로 제시했다. 매도측 애널리스트들은 AbbVie Inc.가 올해 EPS 12.31달러를 기록할 것으로 예상한다. 회사는 또한 최근 분기 배당을 발표했으며, 배당금은 5월 15일 금요일에 지급될 예정이다. 4월 15일 수요일 기준 주주들은 주당 1.73달러의 배당을 받게 된다. 배당락일은 4월 15일 수요일이다. 이는 연간 6.92달러의 배당과 3.3%의 수익률에 해당한다. AbbVie의 배당성향(DPR)은 현재 293.22%다.

AbbVie는 2013년 Abbott Laboratories에서 분사해 설립된 글로벌 연구 중심 바이오의약품 회사로, 일리노이주 노스 시카고에 본사를 두고 있다. 회사는 복잡하고 종종 만성적인 의료 질환에 대한 치료법을 발견, 개발 및 상용화하는 데 주력한다. 사업은 연구개발, 제조, 규제 업무 및 상용화를 포괄하며, 여러 치료 분야에서 특화 의약품을 시장에 출시하는 데 중점을 둔다. AbbVie의 제품 포트폴리오와 파이프라인은 면역학, 종양학, 신경과학, 바이러스학, 여성 건강 등 여러 주요 치료 범주를 아우른다.

이 즉시 뉴스 알림은 MarketBeat의 내러티브 과학 기술과 금융 데이터를 바탕으로 생성되어 독자들에게 가장 빠른 보도와 편향 없는 커버리지를 제공하기 위해 작성되었습니다. 이 기사에 대한 질문이나 의견은 contact@marketbeat.com으로 보내주시기 바랍니다.

AbbVie를 고려하기 전에 이 내용을 들어보시기 바랍니다. MarketBeat는 월가에서 가장 높은 평가를 받는, 그리고 가장 좋은 성과를 내는 리서치 애널리스트들과 그들이 고객에게 추천하는 종목을 매일 추적합니다. MarketBeat는 최고 애널리스트들이 시장 전체가 알아차리기 전에 조용히 고객에게 지금 매수하라고 속삭이는 5개 종목을 확인했는데, AbbVie는 그 목록에 없었습니다. AbbVie는 현재 애널리스트들 사이에서 중간 매수(Moderate Buy) 등급을 받고 있지만, 최고 평가 애널리스트들은 이 5개 종목이 더 나은 매수 대상이라고 보고 있습니다.

향후 강한 기초체력을 갖고 폭발적으로 성장할 다음 종목이 궁금하신가요? 링크를 클릭해 MarketBeat 애널리스트들이 차세대 블록버스터 성장주가 될 수 있다고 보는 종목을 확인해 보세요.

MarketBeat All Access에 가입해 MarketBeat의 전체 리서치 도구 모음을 이용해 보세요.

345 N Reid Place, Suite 620, Sioux Falls, SD 57103 contact@marketbeat.com (844) 978-6257 © MarketBeat Media, LLC 2010-2026. All rights reserved. © 2026 공정가치 가격은 매분 업데이트되며 Massive가 제공합니다. 기타 시장 데이터는 최소 10분 지연되며 Barchart Solutions에서 호스팅됩니다. 정보는 ‘있는 그대로(as-is)’ 제공되며 오로지 정보 제공 목적일 뿐 거래 목적이나 조언을 위한 것이 아니며 지연이 적용됩니다. 모든 거래소 지연 및 이용 약관은 Barchart의 면책조항을 참조하십시오. 당사와 파트너는 귀하의 경험 향상을 위해 본 웹사이트 사용에 대한 정보를 공유합니다. 자세한 정보 또는 거부를 원하시면 아래의 내 정보 판매 금지(Do Not Sell My Information) 버튼을 클릭하십시오.",https://www.marketbeat.com/instant-alerts/filing-abbvie-inc-abbv-shares-bought-by-capital-investment-advisors-llc-2026-03-28/,Neutral
11,ABBV,2026-03-27 11:11:11,2026년 3월에 과소평가될 수 있는 3개 주식 - simplywall.st,"지난 7일 동안 미국 시장은 1.6% 하락했지만, 지난 1년간 15% 상승하며 회복력을 보여줬고 향후 몇 년간 연간 16%의 예상 이익 성장이 전망됩니다. 이러한 환경에서 과소평가될 수 있는 주식을 식별하려면 단기 변동을 넘어 강한 펀더멘털과 장기 가치 상승 잠재력을 가진 기업을 찾아야 합니다. 현금흐름 기반 저평가 미국 주식 스크리너에서 선정한 156개 종목의 전체 목록을 보려면 여기를 클릭하세요. 아래는 스크리너에서 몇 가지 종목을 미리 살펴본 내용입니다. 개요: LPL Financial Holdings Inc.는 미국의 독립 금융자문가 및 기관 자문가에게 종합적인 중개 및 투자 자문 서비스를 제공하는 회사로, 시가총액은 약 240억8천만 달러입니다. 사업: 회사의 매출은 주로 중개 부문에서 발생하며, 165억9천만 달러를 차지합니다. LPL Financial Holdings는 추정 적정가치보다 26.5% 낮게 거래되고 있으며, 할인현금흐름(DCF) 기준으로 저평가되어 있습니다. 현재 주가는 303.72달러이고 미래 현금흐름 가치는 413.15달러입니다. 이익률이 8.8%에서 5.2%로 하락했음에도 불구하고, 이익은 연 22.2%로 크게 성장할 것으로 예상되며 이는 미국 전체 시장의 성장률 15.6%를 웃돕니다. 개요: AbbVie Inc.는 전 세계적으로 의약품 및 치료제의 연구, 개발, 제조, 상업화 및 판매에 관여하는 연구 기반 바이오제약 회사로, 시가총액은 약 3,664억5천만 달러입니다. 사업: 회사의 매출은 주로 Innovative Medicines and Therapies 부문에서 발생하며, 611억6천만 달러를 창출했습니다. AbbVie는 추정 미래 현금흐름 가치보다 크게 낮은 수준에서 거래되고 있으며, 현재 주가는 211.12달러, 추정 가치는 369.97달러입니다. 높은 부채 수준과 이익으로 충분히 커버되지 않는 배당금에도 불구하고, AbbVie의 이익은 연 22.78% 성장할 것으로 예상되며 미국 시장의 성장률 15.6%를 상회합니다. 최근의 협업과 제품 승인, 그리고 이사회 독립성 제안과 관련된 지속적인 투자자 행동주의 속에서도 장기적 잠재력을 뒷받침합니다. 개요: CNH Industrial N.V.는 북미, 유럽, 중동, 아프리카, 남미 및 아시아 태평양 등 여러 지역에서 농업 및 건설 장비를 개발, 제조, 판매하는 장비 회사로, 시가총액은 138억5천만 달러입니다. 사업: 회사의 매출 부문에는 농업 장비 123억9천만 달러, 건설 장비 29억6천만 달러, 금융 서비스 27억2천만 달러가 포함됩니다. CNH Industrial은 10.96달러에 거래되고 있으며, 추정 미래 현금흐름 가치 15.35달러보다 크게 낮아 20% 이상 저평가되어 있습니다. 최근 배당금 감소와 FTSE All-World Index 편입 제외에도 불구하고, CNH의 이익은 연 26.3% 성장할 것으로 예상되어 미국 시장의 성장률 15.6%를 앞섭니다. 다만 영업현금흐름에 의한 부채 상환 능력은 이익률 하락과 불안정한 배당 이력 속에서 여전히 우려 사항입니다. 이 Simply Wall St의 기사는 일반적인 성격의 내용입니다. 우리는 편향 없는 방법론을 사용해 과거 데이터와 애널리스트 전망에만 근거한 해설을 제공하며, 당사 기사는 금융 자문을 목적으로 하지 않습니다. 이는 어떤 주식의 매수 또는 매도 추천도 아니며, 귀하의 목적이나 재무 상황을 고려하지 않습니다. 우리는 펀더멘털 데이터를 바탕으로 한 장기 중심 분석을 제공하는 것을 목표로 합니다. 당사의 분석은 최신 주가 민감 공시나 정성적 자료를 반영하지 못할 수 있습니다. Simply Wall St는 언급된 어떤 주식에도 포지션을 보유하지 않습니다. 우리는 주식 투자자를 위한 최고의 포트폴리오 도우미를 만들었으며, 무료입니다. • 무제한 수의 포트폴리오를 연결하고 총합을 한 통화로 확인하세요 • 이메일 또는 모바일로 새로운 경고 신호나 위험을 알림받으세요 • 보유 주식의 공정가치를 추적하세요 이 기사에 대한 의견이 있으신가요? 내용이 우려되시나요? 직접 문의해 주세요. 또는 editorial-team@simplywallst.com으로 이메일을 보내주세요. 전 세계적으로 의약품 및 치료제의 연구개발, 제조, 상업화 및 판매를 수행하는 연구 기반 바이오제약 회사입니다. 적당한 위험과 합리적인 성장 잠재력을 지니고 있으며 배당금을 지급합니다. 재무 데이터는 S&P Global Market Intelligence LLC가 제공하며, 분석은 Simply Wall Street Pty Ltd가 제공합니다. 저작권 © 2026, S&P Global Market Intelligence LLC. 모든 권리 보유. Simply Wall Street Pty Ltd (ACN 600 056 611)는 Sanlam Private Wealth Pty Ltd(AFSL No. 337927)의 기업 공인 대리인(Authorised Representative Number: 467183)입니다. 본 웹사이트에 포함된 모든 조언은 일반적 조언에 불과하며, 귀하의 목적, 재무 상황 또는 필요를 고려하지 않고 작성되었습니다. 본 웹사이트에 포함된 어떤 조언 및/또는 정보에도 의존해서는 안 되며, 투자 결정을 내리기 전에 귀하의 상황에 적합한지 검토하고 적절한 재무, 세무 및 법률 자문을 구할 것을 권장합니다. 당사로부터 금융 서비스를 받기로 결정하기 전에 금융서비스가이드를 읽어보시기 바랍니다. © 2026 Simply Wall Street Pty Ltd, US Design Patent #29/544/281, Community and European Design Registration #2845206",https://simplywall.st/stocks/us/diversified-financials/nasdaq-lpla/lpl-financial-holdings/news/3-stocks-that-may-be-underestimated-in-march-2026,Growth
12,ABBV,2026-03-27 10:46:00,연간 배당금 1만 달러를 받으려면 AbbVie(ABBV) 주식이 몇 주 필요한지 - The Motley Fool,"이 주식은 지난 10년간 연평균 16.2%의 상승률을 기록했으며, 풍부한 배당수익률도 갖추고 있습니다. 투자에서 배당소득을 찾는 것은 생활비를 충당하거나 더 많은 주식을 사는 데 사용할 수 있기 때문에 현명합니다. 고려할 만한 탄탄한 배당주로는 2013년 Abbott Laboratories에서 분사한 제약회사 AbbVie(ABBV 0.81%)가 있습니다. 이 주식은 최근 3.38%의 배당수익률을 보였으며, 이는 S&P 500 종목의 평균 수익률 1.1%를 크게 웃돕니다. 예를 들어 연간 배당소득 1만 달러를 원한다면 AbbVie 주식을 몇 주 사야 할까요? 먼저 회사의 최근 분기 배당금이 주당 1.73달러였다는 점을 확인해야 합니다. 따라서 연간 환산 금액은 주당 6.92달러입니다. 그러므로 1만 달러를 6.92달러로 나누면 필요한 주식 수는 1,445주가 됩니다. 최근 주가가 주당 약 205달러(3월 24일 기준)였으므로, 이 1,445주는 총 296,225달러가 들게 됩니다. (다행히 반드시 1,445주를 모두 살 필요는 없습니다!) AbbVie에 투자하는 한 가지 이유는 이 회사가 비교적 신뢰할 수 있는 배당 지급자이자 배당 성장주이기 때문입니다. 2013년 이후 배당금을 330% 이상 늘렸습니다. 더 나아가 Abbott Labs의 역사와 함께 보면, 25년 넘게 매년 배당금을 늘려왔음을 알 수 있습니다. 따라서 올해 배당으로 받는 1만 달러(또는 다른 금액)도 몇 년 후에는 훨씬 더 커질 수 있습니다. 배당금만이 AbbVie를 고려해야 하는 이유는 아닙니다. 전반적으로 성장성이 강한 기업으로, 지난 10년간 주가가 연평균 16.2% 상승했습니다. 2025년 매출은 전년 대비 8.6% 증가했는데, 이는 블록버스터 의약품 Humira의 특허 보호를 상실한 상황에서도 이뤄진 성과입니다. 개발 중인 90개 이상의 약물을 보유한 파이프라인도 유망합니다. AbbVie의 주가는 최근 선행 주가수익비율(P/E) 14배로, 5년 평균인 13배보다 약간 높을 뿐이어서 비교적 합리적인 가격입니다. Selena Maranjian은 AbbVie 지분을 보유하고 있습니다. The Motley Fool은 AbbVie와 Abbott Laboratories에 지분을 보유하고 있으며 이들 종목을 추천합니다. The Motley Fool에는 공시 정책이 있습니다. *모든 추천 종목의 설립 이후 평균 수익률입니다. 원가 기준과 수익률은 전 거래일 종가를 기준으로 합니다. 더 나은 투자를 위해 The Motley Fool을 이용하세요. The Motley Fool의 프리미엄 서비스를 통해 주식 추천, 포트폴리오 안내 등을 받아보세요. © 1995 - 2026 The Motley Fool. 모든 권리 보유.",https://www.fool.com/investing/2026/03/27/how-many-shares-abbvie-abbv-stock-10k-dividend/,Positive
13,ABBV,2026-03-27 10:06:00,연간 배당금 1만 달러를 받으려면 AbbVie(ABBV) 주식이 몇 주 필요한지 - AOL.com,"AbbVie는 2013년 이후 배당금을 330% 이상 늘렸습니다. 개발 중인 탄탄한 의약품 파이프라인과 성장하는 매출도 보유하고 있습니다. 투자에서 배당소득을 찾는 것은 생활비를 충당하거나 더 많은 주식을 사는 데 사용할 수 있기 때문에 현명합니다. 고려할 만한 탄탄한 배당주로는 2013년 Abbott Laboratories에서 분사한 제약회사 AbbVie(NYSE: ABBV)가 있습니다. 이 주식은 최근 3.38%의 배당수익률을 보였으며, 이는 S&P 500 종목의 평균 수익률 1.1%를 크게 웃돕니다. 예를 들어 연간 배당소득 1만 달러를 원한다면 AbbVie 주식을 몇 주 사야 할까요? AI가 세계 최초의 조만장자를 만들까요? 우리 팀은 방금 Nvidia와 Intel 모두가 필요로 하는 핵심 기술을 제공하는, '필수 불가결한 독점기업(Indispensable Monopoly)'이라 불리는 잘 알려지지 않은 한 회사에 대한 보고서를 공개했습니다. 계속 읽기 » 먼저 회사의 최근 분기 배당금이 주당 1.73달러였다는 점을 확인해야 합니다. 따라서 연간 환산 금액은 주당 6.92달러입니다. 그러므로 1만 달러를 6.92달러로 나누면 필요한 주식 수는 1,445주가 됩니다. 최근 주가가 주당 약 205달러(3월 24일 기준)였으므로, 이 1,445주는 총 296,225달러가 들게 됩니다. (다행히 반드시 1,445주를 모두 살 필요는 없습니다!) AbbVie에 투자하는 한 가지 이유는 이 회사가 비교적 신뢰할 수 있는 배당 지급자이자 배당 성장주이기 때문입니다. 2013년 이후 배당금을 330% 이상 늘렸습니다. 더 나아가 Abbott Labs의 역사와 함께 보면, 25년 넘게 매년 배당금을 늘려왔음을 알 수 있습니다. 따라서 올해 배당으로 받는 1만 달러(또는 다른 금액)도 몇 년 후에는 훨씬 더 커질 수 있습니다. 배당금만이 AbbVie를 고려해야 하는 이유는 아닙니다. 전반적으로 성장성이 강한 기업으로, 지난 10년간 주가가 연평균 16.2% 상승했습니다. 2025년 매출은 전년 대비 8.6% 증가했는데, 이는 블록버스터 의약품 Humira의 특허 보호를 상실한 상황에서도 이뤄진 성과입니다. 개발 중인 90개 이상의 약물을 보유한 파이프라인도 유망합니다. AbbVie의 주가는 최근 선행 주가수익비율(P/E) 14배로, 5년 평균인 13배보다 약간 높을 뿐이어서 비교적 합리적인 가격입니다. The Motley Fool Stock Advisor 애널리스트 팀은 방금 투자자들이 지금 매수해야 할 최고의 주식 10개를 선정했는데… AbbVie는 그 목록에 포함되지 않았습니다. 선정된 10개 종목은 향후 몇 년간 폭발적인 수익을 낼 수 있습니다. Netflix가 2004년 12월 17일 이 목록에 올랐을 때를 생각해 보세요. 당시 추천 시점에 1,000달러를 투자했다면 지금 497,659달러가 되었을 것입니다!* 또는 Nvidia가 2005년 4월 15일 이 목록에 올랐을 때를 생각해 보세요. 당시 추천 시점에 1,000달러를 투자했다면 지금 1,095,404달러가 되었을 것입니다!* 이제 Stock Advisor의 총 평균 수익률이 912%라는 점에 주목할 만합니다. 이는 S&P 500의 185%와 비교해 시장을 압도하는 초과성과입니다. Stock Advisor로 이용할 수 있는 최신 상위 10개 목록을 놓치지 말고, 개인 투자자가 개인 투자자를 위해 만든 투자 커뮤니티에 참여하세요. Selena Maranjian은 AbbVie 지분을 보유하고 있습니다. The Motley Fool은 AbbVie와 Abbott Laboratories에 지분을 보유하고 있으며 이들 종목을 추천합니다. The Motley Fool에는 공시 정책이 있습니다.",https://www.aol.com/finance/heres-many-shares-abbvie-abbv-100600026.html,Positive
14,ABBV,2026-03-27 10:06:00,연간 배당금 1만 달러를 받으려면 AbbVie(ABBV) 주식이 몇 주 필요한지 - theglobeandmail.com,"AbbVie는 2013년 이후 배당금을 330% 이상 늘렸습니다. 개발 중인 탄탄한 의약품 파이프라인과 성장하는 매출도 보유하고 있습니다. 투자에서 배당소득을 찾는 것은 생활비를 충당하거나 더 많은 주식을 사는 데 사용할 수 있기 때문에 현명합니다. 고려할 만한 탄탄한 배당주로는 2013년 Abbott Laboratories에서 분사한 제약회사 AbbVie(NYSE: ABBV)가 있습니다. 이 주식은 최근 3.38%의 배당수익률을 보였으며, 이는 S&P 500 종목의 평균 수익률 1.1%를 크게 웃돕니다. 예를 들어 연간 배당소득 1만 달러를 원한다면 AbbVie 주식을 몇 주 사야 할까요? AI가 세계 최초의 조만장자를 만들까요? 우리 팀은 방금 Nvidia와 Intel 모두가 필요로 하는 핵심 기술을 제공하는, '필수 불가결한 독점기업(Indispensable Monopoly)'이라 불리는 잘 알려지지 않은 한 회사에 대한 보고서를 공개했습니다. 계속 읽기 » 먼저 회사의 최근 분기 배당금이 주당 1.73달러였다는 점을 확인해야 합니다. 따라서 연간 환산 금액은 주당 6.92달러입니다. 그러므로 1만 달러를 6.92달러로 나누면 필요한 주식 수는 1,445주가 됩니다. 최근 주가가 주당 약 205달러(3월 24일 기준)였으므로, 이 1,445주는 총 296,225달러가 들게 됩니다. (다행히 반드시 1,445주를 모두 살 필요는 없습니다!) AbbVie에 투자하는 한 가지 이유는 이 회사가 비교적 신뢰할 수 있는 배당 지급자이자 배당 성장주이기 때문입니다. 2013년 이후 배당금을 330% 이상 늘렸습니다. 더 나아가 Abbott Labs의 역사와 함께 보면, 25년 넘게 매년 배당금을 늘려왔음을 알 수 있습니다. 따라서 올해 배당으로 받는 1만 달러(또는 다른 금액)도 몇 년 후에는 훨씬 더 커질 수 있습니다. 배당금만이 AbbVie를 고려해야 하는 이유는 아닙니다. 전반적으로 성장성이 강한 기업으로, 지난 10년간 주가가 연평균 16.2% 상승했습니다. 2025년 매출은 전년 대비 8.6% 증가했는데, 이는 블록버스터 의약품 Humira의 특허 보호를 상실한 상황에서도 이뤄진 성과입니다. 개발 중인 90개 이상의 약물을 보유한 파이프라인도 유망합니다. AbbVie의 주가는 최근 선행 주가수익비율(P/E) 14배로, 5년 평균인 13배보다 약간 높을 뿐이어서 비교적 합리적인 가격입니다. The Motley Fool Stock Advisor 애널리스트 팀은 방금 투자자들이 지금 매수해야 할 최고의 주식 10개를 선정했는데… AbbVie는 그 목록에 포함되지 않았습니다. 선정된 10개 종목은 향후 몇 년간 폭발적인 수익을 낼 수 있습니다. Netflix가 2004년 12월 17일 이 목록에 올랐을 때를 생각해 보세요. 당시 추천 시점에 1,000달러를 투자했다면 지금 497,659달러가 되었을 것입니다!* 또는 Nvidia가 2005년 4월 15일 이 목록에 올랐을 때를 생각해 보세요. 당시 추천 시점에 1,000달러를 투자했다면 지금 1,095,404달러가 되었을 것입니다!* 이제 Stock Advisor의 총 평균 수익률이 912%라는 점에 주목할 만합니다. 이는 S&P 500의 185%와 비교해 시장을 압도하는 초과성과입니다. Stock Advisor로 이용할 수 있는 최신 상위 10개 목록을 놓치지 말고, 개인 투자자가 개인 투자자를 위해 만든 투자 커뮤니티에 참여하세요. Selena Maranjian은 AbbVie 지분을 보유하고 있습니다. The Motley Fool은 AbbVie와 Abbott Laboratories에 지분을 보유하고 있으며 이들 종목을 추천합니다. The Motley Fool에는 공시 정책이 있습니다. 모든 시장 데이터(새 탭에서 열림)는 Barchart Solutions가 제공합니다. 저작권 © 2026. 정보는 있는 그대로 제공되며 오직 정보 제공 목적일 뿐 거래 목적이나 조언을 위한 것이 아닙니다. 거래소 지연 및 이용 약관에 대해서는 면책 조항(새 탭에서 열림)을 읽어보시기 바랍니다.",https://www.theglobeandmail.com/investing/markets/stocks/ABBV/pressreleases/1000808/heres-how-many-shares-of-abbvie-abbv-stock-youd-need-for-10000-in-yearly-dividends/,Positive
15,ABBV,2026-03-27 07:52:02,(ABBV) 가격 동향과 실행 인지형 포지셔닝 - Stock Traders Daily,당사의 AI 모델은 서로 다른 위험 성향과 보유 기간에 맞춘 세 가지의 독립적인 거래 전략을 생성했습니다. 각 전략은 포지션 규모를 최적화하고 손실 위험을 최소화하도록 설계된 정교한 리스크 관리 매개변수를 포함합니다. 파란색 = 현재 가격 빨간색 = 저항선 초록색 = 지지선 API 통합 및 맞춤형 리스크 모델로 기관 수준의 분석을 이용하세요. 이제 ABBV를 개인화 대시보드에 추가하여 지속적인 분석과 알림을 받게 됩니다. My Stocks 대시보드에 접근하고 개인화된 분석을 받으려면 무료 계정을 만들어야 합니다. © 2025 Stock Traders Daily - Quantitative Research Division. 모든 권리 보유. | 📚 전체 뉴스 아카이브 | 🍁 캐나다판,https://news.stocktradersdaily.com/news_release/89/ABBV_Price_Dynamics_and_Execution-Aware_Positioning_032726075202_1774612322.html,Neutral
16,ABBV,2026-03-27 05:01:00,ABBV- 이 변동성 큰 시장에서 매력적인 배당주 - Yahoo Finance,"팁: 관련 결과를 보려면 유효한 심볼이나 특정 회사명을 입력해 보세요 트럼프, '주식시장에 주목한다': 이란 전쟁 속에서 월스트리트, TACO 조짐에 촉각 연방재무부가 연체된 학자금 대출을 인수하면서 알아야 할 6가지 메타와 구글, 중대한 소셜미디어 중독 소송에서 패소. 그러나 문제는 아직 끝나지 않았다. 석유에서의 전환은 더 이상 단순히 '친환경'에 관한 것이 아니다. 국가 안보를 위한 거대한 힘겨루기다. 치솟는 유가, 3월 고용보고서, 불안한 소비자들: 이번 주 주목할 만한 것들 치솟는 휘발유 가격으로 자동차 구입 비용이 사상 최고 수준으로 비싸졌다. 하지만 전기차에는 기회가 열릴 수도 있다. 그 어느 때보다 많은 미국인들이 개인 대출로 눈을 돌리고 있다. 이를 부추기는 요인은 무엇일까. 미국인들은 막 끔찍한 여행의 한 주를 보냈다. 당분간 나아질 것 같지 않다. 주택 매도 희망자들이 집주인으로 바뀌고 있다 — 임차인에게는 좋은 소식이다. 지금 시장에서는 거의 모든 것이 잘못되고 있다 S&P 500은 하락세를 이어갔고 다우지수는 기술주가 시가총액 수십억 달러를 증발시키면서 나스닥과 함께 조정 국면에 들어갔다 상원, 공항을 마비시키고 TSA 직원들의 임금을 미지급 상태로 둔 미국 셧다운 종료안 표결 이란 전쟁이 계속되는 가운데, 나스닥이 조정 국면을 더 깊게 만들며 미국 증시 하락 트럼프가 호르무즈 해협이 '저절로 열릴 것'이라고 말하던 것에서 어떻게 이 수로를 통제하는 이란의 힘을 인정하기에 이르렀나 SpaceX, IPO 준비를 위해 4월 투자자 설명회를 예상하라고 잠재 투자자들에게 통보 (Bloomberg) 모든 빅테크 인기주는 52주 최고가 대비 두 자릿수 퍼센트 하락 나스닥이 빅테크와 반도체주 매도세로 지수를 끌어내리고 유가가 100달러를 돌파하면서 하락을 주도 구매자 신뢰가 '흔들리며' 모기지 금리가 7개월 만의 최고치로 급등 트럼프가 이란에 너무 늦기 전에 합의하라고 경고하면서 개장과 함께 주가 하락 AI 때문에 얼마나 많이 생산성이 오르고 있는지는 말하기 어렵다. 곳곳의 근로자들은 자신의 고용 안정성에 대해 끔찍한 기분을 느끼고 있다. 그 이유는 다음과 같다. 월스트리트 분석가들, 유가 변동성이 계속되고 중동 전쟁이 장기화되면서 경기침체 가능성이 높아지고 있다고 말해 TSA 국장은 어떤 셧다운 합의도 여행 문제를 해결하지 못할 가능성이 크다며 올여름 '완벽한 폭풍'을 경고 주가가 상승하고 유가는 100달러 아래를 유지했다. 월스트리트가 이란 긴장 완화 기대를 저울질한 결과다 메타, 유튜브, 획기적인 소셜미디어 중독 소송에서 책임 인정된 것으로 보도 OpenAI가 방금 Sora의 전원을 끄게 된 이유를 보여주는 2개의 차트 미국-이란 대화 기대감에 미국 증시 급등, 유가는 100달러 아래로 하락 지난 100년간 주가에 두 자릿수 손실을 가져온 세 가지 요인은 모두 지금 작동 중이다. 경제학자 '닥터 둠'으로 알려진 인물은 이란 전쟁이 인플레이션과 금리에 심각한 영향을 미칠 수 있다고 말한다 CEO는 연 10억 달러 규모의 AI 운영 기업 시대가 이미 도래했다고 주장한다. 의회에서 진행 중인 법안의 불리한 전개 덕분에 주가는 사상 최대 폭으로 폭락했다. 나스닥이 하락을 주도하며 주식시장은 다시 하락세를 이어갔다. 이란 전쟁이 장기화되면서 유가는 급등했다. 주식은 개장과 함께 후퇴했고, 이란 전쟁이 장기화되는 가운데 월요일의 급등세 이후 되돌림이 나타났다 연준이 이전 유가 충격에 어떻게 대응했고, 또 어떻게 대응하지 않았는가 Musk의 'Terafab'가 마침내 공개됐다. 이는 그가 자신의 회사들이 어디로 향하길 바라는지에 대한 가장 거대한 총체적 비전일지도 모른다. 래리 핑크의 연례 서한에는 AI와 불평등에 대한 뚜렷한 경고가 담겼다 트럼프가 계획한 공격의 위험성에 대해 미국 동맹국들이 경고한 뒤 이란과 협상을 시작했다 (Bloomberg) 다우지수가 600포인트 이상 뛰었고, S&P 500과 나스닥도 각각 1% 이상 상승했다. 월스트리트가 트럼프의 이란과의 협상 재개 신호를 환영한 결과다. 미국 증시, 트럼프가 이란 공격을 보류하고 '매우 좋은' 협상을 추진하자 급등 트럼프가 이란 발전소에 대한 위협적 공습을 연기하자 다우 선물은 1,000포인트 가까이 급등했고 유가는 급락했다 세계가 필요로 했지만 몰랐던 사우디아라비아의 송유관 (Bloomberg) HELOC가 어떻게 바뀌었는지 — 그리고 왜 일부 주택 소유자들은 새로운 규정을 좋아하지 않을 수 있는지 홈 헬스 보조인들은 현재 노동시장의 핵심 문제를 상징한다: 수요는 높지만 임금은 낮다 분석가들은 치솟는 휘발유 가격이 소비자, 인플레이션, 그리고 더 넓은 경제에 어떤 영향을 미칠지 살펴보고 있다 국경 차르 호먼, ICE가 공항에서 '중요하지 않은' 업무를 수행할 것이라고 말하다 (Bloomberg) 파월은 DOJ가 자신과 연준에 대한 조사를 마무리할 때까지 연준 이사직에서 물러날 계획이 없다고 말한다 이란 전쟁 지속, 가능한 금리 인상, 그리고 AI의 '보여줘' 단계 나스카 스타 조이 로가노가 포드 딜러십에 투자한 이유 점점 더 많은 미국인들이 해외 은퇴를 고려하고 있다. 알아야 할 것은 다음과 같다. 항공권 비용이 곧 더 비싸질 예정이다. 이 팁들이 비용을 아끼는 데 도움이 될 수 있다. 시장 상황이 좋지 않았다. 이란과의 전쟁을 둘러싼 불확실성이 타격을 주고 있다. 그러나 특히 한 종목은 잠재적으로 상당한 장기 수익을 위해 단기적인 하락 가능성을 견딜 가치가 있어 보인다. Cabot Income Advisor 편집장 톰 허친슨은 그것이 애브비(AbbVie Inc., ABBV)라고 말한다. MoneyShow 2026 Top Picks Report 전체 무료 사본을 받으려면 여기를 클릭하라. 매도세는 심하지만 그렇게 심한 수준은 아니다. 지난 4월 관세 혼란으로 S&P가 거의 20% 하락했을 때와는 전혀 다르다. 물론 매도세가 끝나지 않았을 수도 있다. 하지만 어쨌든 지금이야말로 인컴 투자들이 빛을 발하는 때다. S&P 500 지수(^SPX)는 최근 지난 8월 말과 같은 수준에서 마감했다. 그러나 배당주는 여전히 배당금을 지급했다. 그리고 커버드콜까지 매도했다면, 시장이 아무런 움직임이 없었음에도 더 나은 수익을 거둘 수 있었다. 지금 무엇을 해야 하는가라는 문제는 어렵다. 시장은 중동의 사건들에 의해 좌우되고 있으며, 이는 매우 예측하기 어렵다. 지금 주식을 사는 것은 장기 투자자라면 모르겠지만, 다소 도박처럼 보인다. 하지만 ABBV는 과거에도 강한 수익률을 보여온 종목이며 앞으로는 더 좋아질 가능성이 있다. 자가면역 질환 치료제 휴미라(Humira)의 특허 만료는 주가를 짓눌러 왔다. 그러나 더 새로운 대체 약물들은 이제 휴미라가 한 적보다 더 많은 매출을 합산해 창출하고 있다. 주가는 보통 1년에 한두 차례 크게 급등한 뒤 조정 국면에 들어간다. 또한 참고: MoneyMasters Podcast 3/26/26: 야데니와 함께 '전쟁의 안개' 속을 헤쳐 나가기 이란 관련 뉴스로 주가가 눌렸지만, 지금부터 연말까지 ABBV가 강한 상승 여력을 가질 것이라고 믿을 만한 좋은 이유가 있다. 이는 새로운 수익성 시대로 들어섰기 때문이다. 또한 헬스케어 주식이기도 하다. 전쟁이나 유가가 어떻게 되든 큰 차이는 없다. 사람들은 여전히 약을 살 것이기 때문이다. SPX: 헤드라인 주도 시장에서 안정화가 반드시 평온함을 의미하는 것은 아니다 금: 극심한 변동성 이후 중기 전망은? 팁: 관련 결과를 보려면 유효한 심볼이나 특정 회사명을 입력해 보세요",https://finance.yahoo.com/markets/stocks/articles/abbv-attractive-income-stock-turbulent-050100450.html,Risk
