ticker,title,date,content,url
ABBV,"Top Analyst Upgrades and Downgrades (ABBV, AKAM, BBRY, COCO, DV, GOOG, HLF, JNJ, JCP, MCP, NOK, PFE, SLW, SYK, TE, VCLK, V) - Yahoo",2026-04-18 14:35:43,"These are some of this Thursday's top analyst upgrades, downgrades and initiations seen from Wall St. research calls. AbbVie Inc. (NYSE: ABBV) started as Neutral at Credit Suisse. Akamai Technologies Inc. (NASDAQ: AKAM) cut to Hold at Jefferies and cut to Neutral at Janney. BlackBerry (NASDAQ: BBRY) raised to Outperform at Wells Fargo. Corinthian Colleges Inc. (NASDAQ: COCO) named Bear of the Day as the shift in for-profit education landscape continues to impact it at Zacks. DeVry Inc. (NYSE: DV) raised to Neutral at J.P. Morgan. Google Inc. (NASDAQ: GOOG) started as Neutral at Stern Agee (late-Wednesday call). Herbalife Ltd. (NYSE: HLF) named Bull of the Day as mother of all short squeezes at Zacks. Johnson & Johnson (NYSE: JNJ) cut to Underperform but raised target to $73 at Credit Suisse. J.C. Penney Co. Inc. (NYSE: JCP) reiterated Buy with $35 target as multiyear turnaround story at Argus. Molycorp Inc. (NYSE: MCP) raised to Neutral from Underweight at J.P. Morgan. Nokia Corp. (NYSE: NOK) reiterated Hold at Argus and noted, ""Nokia, though no longer on the brink of catastrophe, is still in a fierce fight with Android, iOS, and newly renamed Blackberry."" Pfizer Inc. (NYSE: PFE) started as Neutral at Credit Suisse. Silver Wheaton Corp. (NYSE: SLW) raised to Outperform with $49 price target at Credit Suisse. Stryker Corp. (NYSE: SYK) cut to Neutral at Credit Suisse. ValueClick Inc. (NASDAQ: VCLK) started as Buy at Goldman Sachs. Visa Inc. (NYSE: V) cut to Market Perform at Wells Fargo. Filed under: 24/7 Wall St. Wire, Analyst Calls Tagged: ABBV, AKAM, BBRY, COCO, DV, GOOG, HLF, JCP, JNJ, MCP, NOK, PFE, SLW, SYK, TE, V, VCLK",https://www.aol.com/news/2013-02-07-top-analyst-upgrades-and-downgrades-abbv-akam-bbry-coco-dv-goog-hlf-jnj-jcp-mcp-nok-pfe-slw-syk-te-vclk-v.html
ABBV,(ABBV) Volatility Zones as Tactical Triggers - Stock Traders Daily,2026-04-18 10:10:01,"Our AI models have generated three distinct trading strategies tailored to different risk profiles and holding periods. Each strategy incorporates sophisticated risk management parameters designed to optimize position sizing and minimize drawdown risk. Blue = Current Price
Red = Resistance
Green = Support Instant access — no password needed Get institutional-grade analysis with API integration and custom risk models. You're about to add ABBV to your personalized dashboard for ongoing analysis and alerts. To access your My Stocks dashboard and receive personalized analysis, you'll need to create a free account. © 2025 Stock Traders Daily - Quantitative Research Division. All rights reserved. | 📚 Full News Archive | 🍁 Canada Edition",https://news.stocktradersdaily.com/news_release/89/ABBV_Volatility_Zones_as_Tactical_Triggers_041826101001_1776521401.html
ABBV,3 Stocks I Plan to Hold for the Next 20 Years - The Globe and Mail,2026-04-18 09:06:57,"AbbVie is a Dividend King that has proven its ability to adapt to change. Amazon has built an exceptionally sticky product ecosystem and is continually expanding into new markets. Enbridge's pipelines and natural gas should enjoy strong demand for the foreseeable future. Warren Buffett once said that his ""favorite holding period is forever."" I agree with his general sentiment -- especially given that his favorite holding period applied only to ""outstanding businesses with outstanding managements."" Since I don't expect to be alive and kicking forever, though, I wouldn't go quite as far as Buffett. However, I can think of at least three stocks that I plan to hold for the next 20 years. Will AI create the world's first trillionaire? Our team just released a report on the one little-known company, called an ""Indispensable Monopoly"" providing the critical technology Nvidia and Intel both need. Continue » AbbVie(NYSE: ABBV) markets a long lineup of medicines for treating autoimmune diseases, cancer, migraines, and more. Twelve of the company's drugs generated at least $1 billion in sales last year. I suspect that most of those products won't rank among AbbVie's biggest winners 20 years from now. Patent expirations open the door for biosimilar and generic competition. Scientific advances will likely lead to more effective treatments over the next couple of decades. However, AbbVie has proven it can adapt to change. As a case in point, the company quickly returned to growth after its longtime best-seller, Humira, lost U.S. patent exclusivity. The two successors to Humira -- Rinvoq and Skyrizi -- now rake in more sales combined than Humira did at its peak. AbbVie is also a member of the Dividend Kings, a group of stocks with 50 or more consecutive years of dividend increases. Any company that can deliver such an impressive track record of rewarding shareholders has a good chance of surviving and thriving over the next 20 years. Amazon(NASDAQ: AMZN) is the world's largest consumer discretionary stock by market cap. But to call Amazon a consumer discretionary company doesn't do it justice. It's also the top cloud services provider, a leader in artificial intelligence (AI), a growing player in healthcare, and much more. Few companies are as ingrained in my day-to-day life as Amazon. I interact with the company's products and services when I work (many websites are hosted in AWS), read (I use Amazon Kindle), and watch TV (Prime Video). And it seems as if Amazon delivers packages to my doorstep nearly every day. One key reason why I plan to own Amazon stock for the next 20 years is that I know many others like me use the company's products in myriad ways. Amazon has built an exceptionally sticky ecosystem. It would be very difficult for rivals to dethrone this e-commerce and cloud king. Meanwhile, Amazon is busy expanding into new markets, including satellite internet and robotaxis. Enbridge(NYSE: ENB) operates the world's longest network of pipelines for the transportation of oil and liquids. The company is also the biggest natural gas utility in North America by volume. I don't see fossil fuel use diminishing significantly over the next two decades. Actually, I suspect it will grow (especially for natural gas and natural gas liquids). Enbridge's pipelines and natural gas should enjoy strong demand for the foreseeable future. The company's dividend is another reason I plan to hold the stock. Enbridge has increased its dividend for 31 consecutive years. I fully expect that it will join AbbVie in the Dividend Kings club in 19 years. The Motley Fool Stock Advisor analyst team just identified what they believe are the 10 best stocks for investors to buy now… and Enbridge wasn’t one of them. The 10 stocks that made the cut could produce monster returns in the coming years. Consider when Netflix made this list on December 17, 2004... if you invested $1,000 at the time of our recommendation, you’d have $581,304!* Or when Nvidia made this list on April 15, 2005... if you invested $1,000 at the time of our recommendation, you’d have $1,215,992!* Now, it’s worth noting Stock Advisor’s total average return is 1,016% — a market-crushing outperformance compared to 197% for the S&P 500. Don't miss the latest top 10 list, available with Stock Advisor, and join an investing community built by individual investors for individual investors. Keith Speights has positions in AbbVie, Amazon, and Enbridge. The Motley Fool has positions in and recommends AbbVie, Amazon, and Enbridge. The Motley Fool has a disclosure policy. All market data (will open in new tab) is provided by Barchart Solutions. Copyright © 2026. Information is provided 'as is' and solely for informational purposes, not for trading purposes or advice. For exchange delays and terms of use, please read disclaimer (will open in new tab).",https://www.theglobeandmail.com/investing/markets/stocks/ABBV/pressreleases/1381369/3-stocks-i-plan-to-hold-for-the-next-20-years/
ABBV,Asset Management One Co. Ltd. Has $209.74 Million Stock Position in AbbVie Inc. $ABBV - MarketBeat,2026-04-18 07:10:39,"Asset Management One Co. Ltd. lifted its holdings in shares of  AbbVie Inc. (NYSE:ABBV - Free Report) by 4.5% in the fourth quarter, according to its most recent 13F filing with the SEC. The institutional investor  owned 909,250 shares of the company's stock after buying an additional 39,118 shares during the period. AbbVie comprises about  0.6% of Asset Management One Co. Ltd.'s portfolio, making the stock its 25th biggest holding. Asset Management One Co. Ltd. owned about 0.05% of AbbVie worth $209,744,000 at the end of the most recent quarter. A number of other institutional investors also recently modified their holdings of the business. Ellenbecker Investment Group grew its position in shares of  AbbVie by 0.8% in the 3rd quarter. Ellenbecker Investment Group now owns 5,334 shares of the company's stock valued at $1,235,000 after buying an additional 44 shares during the last quarter.  Security National Bank of Sioux City Iowa IA lifted its stake in shares of  AbbVie by 0.3% in the 3rd quarter. Security National Bank of Sioux City Iowa IA now owns 15,382 shares of the company's stock valued at $3,562,000 after purchasing an additional 45 shares during the period.  Matthew Goff Investment Advisor LLC lifted its stake in shares of  AbbVie by 0.3% in the 3rd quarter. Matthew Goff Investment Advisor LLC now owns 17,561 shares of the company's stock valued at $4,066,000 after purchasing an additional 45 shares during the period.  Centennial Wealth Advisory LLC lifted its stake in shares of  AbbVie by 2.2% in the 3rd quarter. Centennial Wealth Advisory LLC now owns 2,089 shares of the company's stock valued at $484,000 after purchasing an additional 45 shares during the period.  Finally, Willner & Heller LLC lifted its stake in shares of  AbbVie by 0.6% in the 3rd quarter. Willner & Heller LLC now owns 7,596 shares of the company's stock valued at $1,759,000 after purchasing an additional 46 shares during the period. Institutional investors and hedge funds own  70.23% of the company's stock. Here are the key news stories impacting AbbVie this week: In other AbbVie news, EVP Perry C. Siatis sold 22,381 shares of the stock in a transaction on Wednesday, February 25th. The stock was sold at an average price of $230.00, for a total transaction of $5,147,630.00. Following the completion of the transaction, the executive vice president directly owned 38,137 shares of the company's stock, valued at approximately $8,771,510. This represents a 36.98% decrease in their ownership of the stock. The sale was disclosed in a document filed with the Securities & Exchange Commission, which is accessible through this link. Also, SVP David Ryan Purdue sold 5,230 shares of the stock in a transaction on Wednesday, March 4th. The shares were sold at an average price of $233.56, for a total value of $1,221,518.80. Following the transaction, the senior vice president directly owned 2,654 shares of the company's stock, valued at approximately $619,868.24. This trade represents a 66.34% decrease in their ownership of the stock. The disclosure for this sale is available in the SEC filing. Corporate insiders own  0.06% of the company's stock. A number of brokerages have recently issued reports on ABBV. UBS Group dropped their price objective on AbbVie from $240.00 to $230.00 and set a ""neutral"" rating on the stock in a research note on Thursday, February 5th. Guggenheim upped their price target on AbbVie from $242.00 to $249.00 and gave the stock a ""buy"" rating in a research note on Friday, April 10th. Sanford C. Bernstein  reaffirmed a ""market perform"" rating on shares of AbbVie in a research note on Thursday, February 5th. Piper Sandler upped their price target on AbbVie from $289.00 to $299.00 and gave the stock an ""overweight"" rating in a research note on Wednesday, February 18th. Finally, Royal Bank Of Canada initiated coverage on AbbVie in a research note on Tuesday, February 24th. They set an ""outperform"" rating and a $260.00 price target on the stock. Two research analysts have rated the stock with a Strong Buy rating, fourteen have issued  a Buy rating and nine have given a Hold rating to the company's stock. According to MarketBeat, the company  has a consensus rating of ""Moderate Buy"" and a consensus target price of $253.00. ABBV stock opened at $208.29 on Friday. The firm has a market cap of $368.28 billion, a PE ratio of 88.26, a P/E/G ratio of 0.74 and a beta of 0.38. The business has a 50 day moving average of $219.00 and a 200-day moving average of $223.57. AbbVie Inc. has a 12-month low of $168.54 and a 12-month high of $244.81. AbbVie (NYSE:ABBV - Get Free Report) last released its earnings results on Wednesday, February 4th. The company reported $2.71 earnings per share (EPS) for the quarter, beating the consensus estimate of $2.65 by $0.06. The company had revenue of $16.62 billion during the quarter, compared to analyst estimates of $16.39 billion. AbbVie had a negative return on equity of 1,579.75% and a net margin of 6.91%.AbbVie's quarterly revenue was up 10.0% on a year-over-year basis. During the same period in the prior year, the company posted $2.16 earnings per share. AbbVie has set its FY 2026 guidance at 14.370-14.570 EPS and its Q1 2026 guidance at 2.970-3.010 EPS.  On average, research analysts expect that  AbbVie Inc. will post 12.31 earnings per share for the current year. The firm also recently announced a quarterly dividend, which will be paid on Friday, May 15th. Stockholders of record on Wednesday, April 15th will be issued a $1.73 dividend. The ex-dividend date of this dividend is Wednesday, April 15th. This represents a $6.92 annualized dividend and a dividend yield of 3.3%. AbbVie's dividend payout ratio  is currently 293.22%. AbbVie is a global, research-driven biopharmaceutical company that was created as a spin-off from Abbott Laboratories in 2013 and is headquartered in North Chicago, Illinois. The company focuses on discovering, developing and commercializing therapies for complex and often chronic medical conditions. Its operations span research and development, manufacturing, regulatory affairs and commercialization, with an emphasis on bringing specialty medicines to market across multiple therapeutic areas. AbbVie's product portfolio and pipeline cover several major therapeutic categories, including immunology, oncology, neuroscience, virology and women's health. This instant news alert was generated by narrative science technology and financial data from MarketBeat in order to provide readers with the fastest reporting and unbiased coverage. Please send any questions or comments about this story to contact@marketbeat.com. Before you consider AbbVie, you'll want to hear this. MarketBeat keeps track of Wall Street's top-rated and best performing research analysts and the stocks they recommend to their clients on a daily basis. MarketBeat has identified the five stocks that top analysts are quietly whispering to their clients to buy now before the broader market catches on... and AbbVie wasn't on the list. While AbbVie currently has a Moderate Buy rating among analysts, top-rated analysts believe these five stocks are better buys. Market downturns give many investors pause, and for good reason. Wondering how to offset this risk? Click the link to learn more about using beta to protect your portfolio. Sign up for MarketBeat All Access to gain access to MarketBeat's full suite of research tools. 345 N Reid Place, Suite 620, Sioux Falls, SD 57103
                                        
                                        contact@marketbeat.com
                                        
                                        (844) 978-6257 © MarketBeat Media, LLC 2010-2026. All rights reserved. © 2026   Fair market value prices are updated every minute and are provided by Massive. Other market data provided is at least 10-minutes delayed and hosted by Barchart Solutions.  Information is provided 'as-is' and solely for informational purposes, not for trading purposes or advice, and is delayed. To see all exchange delays and terms of use please see Barchart's disclaimer. We and our partners share information on your use of this website to help improve your experience. For more information, or to opt out click the Do Not Sell My Information button below.",https://www.marketbeat.com/instant-alerts/filing-asset-management-one-co-ltd-has-20974-million-stock-position-in-abbvie-inc-abbv-2026-04-18/
ABBV,AbbVie Inc. (NYSE:ABBV) Short Interest Update - MarketBeat,2026-04-18 02:14:44,"AbbVie Inc. (NYSE:ABBV - Get Free Report) saw a significant drop in short interest in March. As of March 31st, there was short interest totaling 20,125,180 shares,  a drop of 19.9% from the March 15th total of 25,110,220 shares. Approximately 1.1% of the company's shares are short sold. Based on an average daily volume of 8,202,339 shares, the days-to-cover ratio is presently 2.5 days. In related news, SVP David Ryan Purdue sold 5,230 shares of the business's stock in a transaction on Wednesday, March 4th. The shares were sold at an average price of $233.56, for a total value of $1,221,518.80. Following the sale, the senior vice president directly owned 2,654 shares of the company's stock, valued at approximately $619,868.24. The trade was a 66.34% decrease in their position. The transaction was disclosed in a legal filing with the SEC, which can be accessed through this hyperlink. Also, EVP Perry C. Siatis sold 22,381 shares of the business's stock in a transaction on Wednesday, February 25th. The shares were sold at an average price of $230.00, for a total transaction of $5,147,630.00. Following the completion of the sale, the executive vice president directly owned 38,137 shares in the company, valued at $8,771,510. This represents a 36.98% decrease in their ownership of the stock. The SEC filing for this sale provides additional information. Company insiders own  0.06% of the company's stock. Several hedge funds and other institutional investors have recently added to or reduced their stakes in the business. Brighton Jones LLC increased its stake in shares of  AbbVie by 17.4% during the 4th quarter. Brighton Jones LLC now owns 22,912 shares of the company's stock worth $4,072,000 after purchasing an additional 3,401 shares during the last quarter.  Revolve Wealth Partners LLC increased its stake in shares of  AbbVie by 72.7% during the 4th quarter. Revolve Wealth Partners LLC now owns 7,279 shares of the company's stock worth $1,294,000 after purchasing an additional 3,064 shares during the last quarter.  Schnieders Capital Management LLC. increased its stake in shares of  AbbVie by 5.0% during the 2nd quarter. Schnieders Capital Management LLC. now owns 16,466 shares of the company's stock worth $3,056,000 after purchasing an additional 789 shares during the last quarter.  Ieq Capital LLC increased its stake in shares of  AbbVie by 4.6% during the 2nd quarter. Ieq Capital LLC now owns 120,035 shares of the company's stock worth $22,281,000 after purchasing an additional 5,274 shares during the last quarter.  Finally, Worldquant Millennium Advisors LLC increased its stake in shares of  AbbVie by 117.3% during the 2nd quarter. Worldquant Millennium Advisors LLC now owns 1,135,034 shares of the company's stock worth $210,685,000 after purchasing an additional 612,702 shares during the last quarter. 70.23% of the stock is currently owned by institutional investors and hedge funds. Here are the key news stories impacting AbbVie this week: Several research firms recently commented on ABBV. Berenberg Bank  set a $275.00 price objective on shares of AbbVie in a research report on Tuesday, January 20th. BMO Capital Markets  reaffirmed an ""outperform"" rating on shares of AbbVie in a research report on Monday, March 9th. William Blair  reaffirmed an ""outperform"" rating on shares of AbbVie in a research report on Monday, March 9th. Cantor Fitzgerald cut their price objective on shares of AbbVie from $250.00 to $240.00 and set an ""overweight"" rating on the stock in a research report on Wednesday, April 8th. Finally, Wall Street Zen cut shares of AbbVie from a ""strong-buy"" rating to a ""buy"" rating in a research report on Saturday, April 11th. Two research analysts have rated the stock with a Strong Buy rating, fourteen have issued  a Buy rating and nine have given a Hold rating to the company's stock. According to MarketBeat, the company  has an average rating of ""Moderate Buy"" and a consensus price target of $253.00. ABBV stock traded down $0.71 during midday trading on Friday, hitting $208.29. The company's stock had a trading volume of 8,981,356 shares, compared to its average volume of 6,917,997. AbbVie has a twelve month low of $168.54 and a twelve month high of $244.81. The company's fifty day moving average price is $219.00 and its 200 day moving average price is $223.57. The stock has a market capitalization of $368.28 billion, a P/E ratio of 88.26, a PEG ratio of 0.74 and a beta of 0.38. AbbVie (NYSE:ABBV - Get Free Report) last issued its quarterly earnings results on Wednesday, February 4th. The company reported $2.71 earnings per share (EPS) for the quarter, beating the consensus estimate of $2.65 by $0.06. AbbVie had a net margin of 6.91% and a negative return on equity of 1,579.75%. The firm had revenue of $16.62 billion for the quarter, compared to analyst estimates of $16.39 billion. During the same period in the previous year, the business earned $2.16 EPS. The company's revenue was up 10.0% compared to the same quarter last year. AbbVie has set its FY 2026 guidance at 14.370-14.570 EPS and its Q1 2026 guidance at 2.970-3.010 EPS.  Equities analysts expect that  AbbVie will post 12.31 EPS for the current fiscal year. The firm also recently declared a quarterly dividend, which will be paid on Friday, May 15th. Shareholders of record on Wednesday, April 15th will be paid a $1.73 dividend. This represents a $6.92 annualized dividend and a yield of 3.3%. The ex-dividend date is Wednesday, April 15th. AbbVie's payout ratio is presently 293.22%. AbbVie is a global, research-driven biopharmaceutical company that was created as a spin-off from Abbott Laboratories in 2013 and is headquartered in North Chicago, Illinois. The company focuses on discovering, developing and commercializing therapies for complex and often chronic medical conditions. Its operations span research and development, manufacturing, regulatory affairs and commercialization, with an emphasis on bringing specialty medicines to market across multiple therapeutic areas. AbbVie's product portfolio and pipeline cover several major therapeutic categories, including immunology, oncology, neuroscience, virology and women's health. This instant news alert was generated by narrative science technology and financial data from MarketBeat in order to provide readers with the fastest reporting and unbiased coverage. Please send any questions or comments about this story to contact@marketbeat.com. Before you consider AbbVie, you'll want to hear this. MarketBeat keeps track of Wall Street's top-rated and best performing research analysts and the stocks they recommend to their clients on a daily basis. MarketBeat has identified the five stocks that top analysts are quietly whispering to their clients to buy now before the broader market catches on... and AbbVie wasn't on the list. While AbbVie currently has a Moderate Buy rating among analysts, top-rated analysts believe these five stocks are better buys. Wondering what the next stocks will be that hit it big, with solid fundamentals? Click the link to see which stocks MarketBeat analysts could become the next blockbuster growth stocks. Sign up for MarketBeat All Access to gain access to MarketBeat's full suite of research tools. 345 N Reid Place, Suite 620, Sioux Falls, SD 57103
                                        
                                        contact@marketbeat.com
                                        
                                        (844) 978-6257 © MarketBeat Media, LLC 2010-2026. All rights reserved. © 2026   Fair market value prices are updated every minute and are provided by Massive. Other market data provided is at least 10-minutes delayed and hosted by Barchart Solutions.  Information is provided 'as-is' and solely for informational purposes, not for trading purposes or advice, and is delayed. To see all exchange delays and terms of use please see Barchart's disclaimer. We and our partners share information on your use of this website to help improve your experience. For more information, or to opt out click the Do Not Sell My Information button below.",https://www.marketbeat.com/instant-alerts/abbvie-inc-nyseabbv-short-interest-update-2026-04-17/
ABBV,AbbVie Trades Below 50-Day and 200-Day SMA: How to Play the Stock - The Globe and Mail,2026-04-17 17:08:32,"AbbVie ABBV stock is currently trading below its 50-day and 200-day simple moving averages (SMAs). A stock trading below both its 50-day and 200-day simple moving averages is generally viewed as being in a sustained downtrend, reflecting weakness in both short-term momentum and long-term investor sentiment. In such cases, these moving averages tend to act as resistance levels, making upward moves harder to sustain unless supported by strong volume or positive catalysts. However, while this configuration is typically bearish, it can also indicate that the stock is oversold and nearing a potential rebound or accumulation phase, especially if fundamentals remain intact. Let’s examine the company’s strengths and weaknesses to better analyze how to play AbbVie stock in this situation. AbbVie lost patent protection for its blockbuster drug, Humira, in the United States in January 2023 and in the EU in 2018. Humira's sales are declining due to loss of exclusivity (LOE) and biosimilar erosion. AbbVie has successfully navigated the LOE of Humira, a drug that once generated more than 50% of its total revenues. It has accomplished this by launching two other successful new immunology medicines, Skyrizi and Rinvoq, which are performing extremely well, bolstered by approvals in new indications, and should support top-line growth in the next few years. Skyrizi and Rinvoq generated combined sales of $26.0 billion in 2025, exceeding expectations and representing year-over-year growth of more than 40%. The drugs delivered strong performance across all approved indications, especially in the popular inflammatory bowel disease space, which includes two conditions — ulcerative colitis (UC) and Crohn’s disease. In 2026, AbbVie expects combined Skyrizi and Rinvoq sales of more than $31 billion. Strong immunology market growth, market share gains and momentum from new indications, as well as the potential for five new indications for Rinvoq over the next few years, are expected to drive the drugs’ growth. Rinvoq could be approved for two indications — vitiligo and alopecia areata — in 2026. Phase III data on Rinvoq in hidradenitis suppurativa and systemic lupus erythematosus are expected this year. AbbVie believes that the next wave of potential approvals in Rinvoq could add roughly $2 billion to peak-year sales for the product. AbbVie expects a low single-digit pricing headwind for both Skyrizi and Rinvoq in 2026 and over the next few years. AbbVie’s neuroscience portfolio is also contributing to top-line growth. Sales of its neuroscience drugs increased almost 20% to $10.8 billion in 2025, driven by higher sales of Botox Therapeutic, depression drug Vraylar and newer migraine drugs Ubrelvy and Qulipta. The initial international launch uptake of Vyalev, a transformative therapy for treating advanced Parkinson’s disease, approved in late 2024, has been encouraging. AbbVie expects Vyalev to achieve blockbuster status in 2026, with sales expected to ramp up substantiallyin the United States, where Vyalev recently received full coverage. AbbVie’s Parkinson’s disease franchise, comprising Vyalev and once-daily oral treatment tavapadon (under review in the United States; FDA decision expected in the third quarter of 2026), is viewed as a key driver of growth in neuroscience. AbbVie has built a substantial oncology franchise with Imbruvica and Venclexta. Its oncology segment generated combined revenues of $6.6 billion in 2025, up 1.5% year over year, as higher Venclexta sales and contributions from new drugs, Elahere and Epkinly, partially offset the decline in Imbruvica sales. Some key oncology drugs approved in the past couple of years are Epkinly and Emrelis. Elahere was added to AbbVie’s oncology portfolio with the February 2024 acquisition of Immunogen. These three new drugs have strengthened AbbVie’s oncology franchise. Though oncology sales are slightly slowing down, AbbVie believes the oncology pipeline is robust with several study readouts and initiations expected this year. Over the next couple of years, AbbVie expects new product approvals for tavapadon and pivekimab sunirine (blastic plasmacytoid dendritic cell neoplasm) and pivotal data readouts for key pipeline candidates, lutikizumab (hidradenitis suppurativa), Temab-A (metastatic colorectal cancer) and etentamig (third-line-plus multiple myeloma). These pipeline programs have the potential to drive long-term growth for AbbVie, while Skyrizi and Rinvoq will boost near-term growth. AbbVie has been on an acquisition spree over the past couple of years to bolster the early-stage pipeline that should drive long-term growth. It is signing several M&A deals in the immunology space, its core area, while also signing some early-stage deals in oncology and neuroscience. In 2025, AbbVie invested more than $5 billion to acquire innovative pipeline candidates. These include an in-vivo CAR-T platform in immunology from Capstan Therapeutics, bretisilocin, a next-generation psychedelic in depression; ISB-2001, a novel trispecific antibody for multiple myeloma; 295, a long-acting amylin analog for obesity and a next-generation siRNA platform from Arx. Sales of Humira are declining due to biosimilar erosion. The launch of Humira biosimilars in the United States in 2023 significantly eroded the drug’s sales in 2024 and 2025. Humira sales declined around 50% in 2025. Humira sales are expected to continue to decline in 2026 as more plans exclude branded Humira and move to exclusive biosimilar contracts. AbbVie’s Aesthetics unit is also experiencing declining sales due to continued macro challenges and weakened consumer sentiment. Global sales of the aesthetics portfolio declined 0.6% in 2024 and 5.9% in2025. While Juvederm sales declined 15.6% in 2025, Botox Cosmetics sales deteriorated 4.1%. AbbVie expects the aesthetics category growth to remain challenged in 2026. Global aesthetics sales are projected to be $5 billion in 2026, flat year over year, as moderate growth in Botox Cosmetic is likely to be offset by continued decline in Juvederm sales due to continued headwinds in key dermal filler markets. ABBV stock has risen 20.8% in the past year compared with an appreciation of 18.5% for the industry. From a valuation standpoint, AbbVie is reasonably priced. Going by the price/earnings ratio, the company’s shares currently trade at 14.20 forward earnings, lower than 16.97 for the industry. However, the stock is trading above its five-year mean of 13.82.  The stock is cheaper than other large drugmakers like AstraZenecaAZN, Eli LillyLLY and J&JJNJ. Earnings estimates for 2026 have declined from $14.57 to $14.37 over the past 30 days, while those for 2027 have declined from $16.29 to $16.15 over the same time frame. This is due to the impact of acquired IPR&D and milestones expense expected to be recorded in the first quarter of 2026, as mentioned in a SEC filing released by the company earlier this month. AbbVie combats its share of headwinds, including the impact of Humira LOE, increasing competitive pressure on Imbruvica and continued macro woes for Aesthetics. The company has faced its biggest challenge — Humira’s patent cliff — quite well and looks well-positioned for continued strong growth in the years ahead. ABBV delivered robust net sales growth in 2025, which is just the second full year following the Humira LOE in the United States. AbbVie expects another year of robust growth in 2026. It expects total revenues to rise approximately 9.5% in 2026. The top-line growth is likely to be driven by continued strong increase in Skyrizi and Rinvoq sales, a substantial top-line ramp for Vyalev and continued double-digit revenue growth from migraine drugs, partially offset by headwinds from continued Humira erosion and the impact of lower IRA-related pricing on Imbruvica. It expects high single-digit revenue growth through 2029, as the company has no significant LOE events for the rest of this decade. A substantial portion of this growth is expected to be driven by the robust performance of Skyrizi and Rinvoq. AbbVie also has the flexibility to invest more in R&D and continue acquiring external innovations. A key reason why ABBV stock seems to have slipped below the 50- and 200-day SMAs could be a lack of news flow, no strong near-term catalysts expected, as well as underlying transition concerns (Humira erosion, softness in the aesthetics segment). Long-term investors can continue to retain this Zacks Rank #3 (Hold) stock in their portfolio as the company enjoys strong fundamentals, a solid pipeline and growth outlook. You can see the complete list of today’s Zacks #1 Rank (Strong Buy) stocks here. The incredible demand for data is fueling the market's next digital gold rush. As data centers continue to be built and constantly upgraded, the companies that provide the hardware for these behemoths will become the NVIDIAs of tomorrow. One under-the-radar chipmaker is uniquely positioned to take advantage of the next growth stage of this market. It specializes in semiconductor products that titans like NVIDIA don't build. It's just beginning to enter the spotlight, which is exactly where you want to be. This article originally published on Zacks Investment Research (zacks.com). All market data (will open in new tab) is provided by Barchart Solutions. Copyright © 2026. Information is provided 'as is' and solely for informational purposes, not for trading purposes or advice. For exchange delays and terms of use, please read disclaimer (will open in new tab).",https://www.theglobeandmail.com/investing/markets/stocks/LLY/pressreleases/1371149/abbvie-trades-below-50-day-and-200-day-sma-how-to-play-the-stock/
ABBV,AbbVie vs. Pfizer: One Pharma Dividend Has a Moat — The Other Is Praying for a Pipeline Hit - 24/7 Wall St.,2026-04-17 16:06:17,"AbbVie (ABBV) reported Q4 revenue up 10% year over year driven by Skyrizi ($5B in Q4, up 32.5%) and Rinvoq ($2.37B, up 29.5%) as approved immunology drugs offset Humira’s 49.5% full-year decline. Pfizer (PFE) posted a 1.16% revenue decline due to COVID product collapses (Paxlovid down 70%, Comirnaty down 33%) and took a $4.4B non-cash impairment charge. AbbVie has already completed its post-Humira transition with two approved, scaling drugs expanding into new indications, while Pfizer is betting billions on future obesity acquisitions including the $7B Metsera deal with no near-term commercial payoff, leaving Pfizer dependent on 20 pivotal trial starts in 2026 to justify its pipeline valuation. The analyst who called NVIDIA in 2010 just named his top 10 AI stocks. Get them here FREE. AbbVie (NYSE:ABBV | ABBV Price Prediction) and Pfizer (NYSE:PFE) both reported fourth quarter earnings in early February. AbbVie posted record net sales with revenue up 10% year over year, powered by a post-Humira immunology rebuild that is now clearly working. Pfizer posted a slight revenue decline of 1.16% while absorbing a massive COVID hangover and betting billions on obesity drugs it does not yet own commercially. AbbVie’s quarter was defined by two drugs offsetting Humira’s erosion. Skyrizi generated $5 billion in Q4 revenue, up 32.5% year over year, making it AbbVie’s largest product. Rinvoq added $2.37 billion, up 29.5%. Together, they more than offset Humira’s decline of 25.9% in Q4 and 49.5% for the full year. CEO Robert Michael called it “another outstanding year for AbbVie” and pointed to “record net sales in just the second full year following the U.S. Humira loss of exclusivity.” Neuroscience grew 17.9% to $2.96 billion, led by Vraylar and Botox Therapeutic. Pfizer’s non-COVID portfolio grew 9% operationally in Q4, with Vyndaqel at $1.688 billion (+9%), Eliquis at $2.020 billion (+10%), and oncology biosimilars surging 77%. But Paxlovid collapsed 70% and Comirnaty dropped 33%, dragging Primary Care revenue down 11%. A $4.4 billion non-cash impairment charge pushed Pfizer to a GAAP net loss of $1.648 billion. AbbVie’s strategic advantage is that it already executed its post-Humira transition. Skyrizi and Rinvoq are approved, scaling, and expanding into new indications. AbbVie filed Rinvoq for non-segmental vitiligo, which could become the first systemic treatment for the condition. The company also entered obesity through a partnership with Gubra and acquired Capstan Therapeutics for its in vivo CAR-T platform. AbbVie also made a voluntary commitment of $100 billion in U.S. R&D and capital investments over the next decade, securing tariff and pricing exemptions for three years. Pfizer’s path depends on future events. CEO Albert Bourla described 2026 as “an important year rich in key catalysts, including our expectation for approximately 20 key pivotal study starts.” The centerpiece is the $7 billion Metsera acquisition, which brings 10 ultra-long-acting obesity assets. READ: The analyst who called NVIDIA in 2010 just named his top 10 AI stocks Pfizer in-licensed an oral GLP-1 from YaoPharma for $150 million upfront and a PD-1/VEGF bispecific from 3SBio for $1.35 billion. The obesity pivot is ambitious, but commercial payoff sits years out. Pfizer faces a $1.5 billion loss-of-exclusivity headwind in 2026 and no share buybacks planned. AbbVie’s dividend has grown every year since its 2013 spin-off from Abbott. The current quarterly payment of $1.73 per share compares to Pfizer’s $0.43. AbbVie’s stock is down 7.03% year to date as of April 16, 2026, while Pfizer has gained 11.15% year to date. Pfizer’s pipeline optimism appears to be lifting its stock even as its underlying earnings power remains modest. Watch whether Pfizer’s 20 pivotal trial starts in 2026 translate into meaningful commercial signals before year-end, or whether the obesity bet proves too early to price in. AbbVie’s Q4 EPS of $2.71 fell short of the $3.35 estimate, missing expectations, but that miss was driven entirely by $0.71 per share in acquired IPR&D charges, not operational weakness. The 2026 adjusted EPS guidance of $14.37 to $14.57 reflects a business that has already rebuilt itself. Pfizer’s 2026 adjusted EPS guidance of $2.80 to $3 is modest and still embeds $5 billion in COVID revenue that will continue shrinking. AbbVie’s dividend history and growing immunology franchise present a track record of income generation. Pfizer’s pipeline, if obesity assets deliver, could look very different by 2028 or 2029. Both carry real risks. AbbVie’s competitive moat rests on two approved, scaling drugs with expanding indications. Pfizer’s equivalent depends on pipeline execution over the next several years. Wall Street is pouring billions into AI, but most investors are buying the wrong stocks. The analyst who first identified NVIDIA as a buy back in 2010 — before its 28,000% run — has just pinpointed 10 new AI companies he believes could deliver outsized returns from here. One dominates a $100 billion equipment market. Another is solving the single biggest bottleneck holding back AI data centers. A third is a pure-play on an optical networking market set to quadruple. Most investors haven't heard of half these names. Get the free list of all 10 stocks here. Vandita Jadeja is a financial copywriter who loves to read and write about stocks. She believes in buying and holding for long term gains. Her knowledge of words and numbers helps her write clear stock analysis. She has contributed to several publications, including the Joy Wallet, Benzinga, The Motley Fool and InvestorPlace. Our top personal finance-related articles today. Your wallet will thank you later. Pharmaceutical companies AbbVie (NYSE:ABBV | ABBV Price Prediction) and Pfizer (NYSE:PFE) both reported fourth-quarter earnings in early February, revealing two… Healthcare stocks have lagged the broader market for the past three years, weighed down by post-COVID earnings volatility, policy uncertainties… AbbVie (NYSE:ABBV | ABBV Price Prediction) stock has pulled back 12% over the past month, sliding to around $204. JPMorgan… Starting today, the U.S. imposed 100% tariffs on imports of branded or patented pharmaceutical products that President Trump announced last… Live Updates Deep Dive into ABBV's Earnings Call Jan 31, 2025 at 11:53 AM EST | Rich Duprey Looking through… Some mergers can add a nice shot in the arm for an acquirer. After years of being focused on Humira,… Josh Brown, CEO of Ritholtz Wealth Management, made a pointed claim on CNBC’s Halftime Report this week about large-cap biotech:… Jim Cramer has a mixed record when it comes to choosing stocks. Therefore, he also has a mixed reputation in… Pfizer (NYSE:PFE) has quietly built momentum in 2026, with shares up 6.61% year-to-date and 2.70% over the past year. The…",https://247wallst.com/investing/2026/04/17/abbvie-vs-pfizer-one-pharma-dividend-has-a-moat-the-other-is-praying-for-a-pipeline-hit/
ABBV,"DB&C Advisors, LLC's AbbVie Inc(ABBV) Holding History - GuruFocus",2026-04-17 12:57:19,"This website is using a security service to protect itself from online attacks. The action you just performed triggered the security solution. There are several actions that could trigger this block including submitting a certain word or phrase, a SQL command or malformed data. You can email the site owner to let them know you were blocked. Please include what you were doing when this page came up and the Cloudflare Ray ID found at the bottom of this page. Cloudflare Ray ID: 9ee84e48aeb6e61f
•

        Your IP:
        Click to reveal
40.76.191.131
•

Performance & security by Cloudflare","https://www.gurufocus.com/guru-portfolio/DB%26C%20Advisors,%20LLC/ABBV"
ABBV,"AE Wealth Management LLC Purchases 7,696 Shares of AbbVie Inc. $ABBV - MarketBeat",2026-04-17 07:18:29,"AE Wealth Management LLC grew its position in  AbbVie Inc. (NYSE:ABBV - Free Report) by 2.7% during the fourth quarter, according to the company in its most recent filing with the Securities and Exchange Commission (SEC). The fund owned 294,020 shares of the company's stock after acquiring an additional 7,696 shares during the quarter. AE Wealth Management LLC's holdings in AbbVie were worth $67,181,000 as of its most recent filing with the Securities and Exchange Commission (SEC). Several other large investors have also recently modified their holdings of ABBV. Chelsea Counsel Co. bought a new position in shares of  AbbVie during the 3rd quarter valued at approximately $26,000.  Westend Capital Management LLC bought a new position in shares of  AbbVie during the 4th quarter valued at approximately $29,000.  Texas Capital Bancshares Inc TX bought a new position in shares of  AbbVie during the 3rd quarter valued at approximately $31,000.  Caitlin John LLC bought a new position in shares of  AbbVie during the 3rd quarter valued at approximately $33,000.  Finally, Legacy Bridge LLC increased its position in shares of  AbbVie by 3,800.0% during the 4th quarter. Legacy Bridge LLC now owns 156 shares of the company's stock valued at $36,000 after purchasing an additional 152 shares during the last quarter. Institutional investors own  70.23% of the company's stock. ABBV opened at $209.00 on Friday. The company has a market capitalization of $369.55 billion, a price-to-earnings ratio of 88.56, a PEG ratio of 0.74 and a beta of 0.38. AbbVie Inc. has a 12-month low of $168.54 and a 12-month high of $244.81. The business's fifty day simple moving average is $219.30 and its 200-day simple moving average is $223.67. AbbVie (NYSE:ABBV - Get Free Report) last announced its quarterly earnings results on Wednesday, February 4th. The company reported $2.71 EPS for the quarter, beating the consensus estimate of $2.65 by $0.06. The firm had revenue of $16.62 billion for the quarter, compared to analyst estimates of $16.39 billion. AbbVie had a negative return on equity of 1,579.75% and a net margin of 6.91%.The business's revenue for the quarter was up 10.0% on a year-over-year basis. During the same quarter last year, the firm posted $2.16 earnings per share. AbbVie has set its FY 2026 guidance at 14.370-14.570 EPS and its Q1 2026 guidance at 2.970-3.010 EPS.  On average, equities research analysts predict that  AbbVie Inc. will post 12.31 EPS for the current year. The company also recently declared a quarterly dividend, which will be paid on Friday, May 15th. Stockholders of record on Wednesday, April 15th will be paid a dividend of $1.73 per share. The ex-dividend date is Wednesday, April 15th. This represents a $6.92 annualized dividend and a dividend yield of 3.3%. AbbVie's dividend payout ratio (DPR) is currently 293.22%. Several equities analysts have recently weighed in on ABBV shares. Evercore cut their target price on AbbVie from $232.00 to $228.00 and set an ""outperform"" rating on the stock in a research report on Wednesday, February 4th. The Goldman Sachs Group  reissued a ""neutral"" rating and set a $223.00 target price on shares of AbbVie in a research report on Wednesday, January 28th. Piper Sandler upped their price objective on AbbVie from $289.00 to $299.00 and gave the company an ""overweight"" rating in a research report on Wednesday, February 18th. Guggenheim upped their price objective on AbbVie from $242.00 to $249.00 and gave the company a ""buy"" rating in a research report on Friday, April 10th. Finally, Wall Street Zen downgraded AbbVie from a ""strong-buy"" rating to a ""buy"" rating in a research report on Saturday, April 11th. Two analysts have rated the stock with a Strong Buy rating, fourteen have given a Buy rating and nine have assigned  a Hold rating to the stock. According to MarketBeat, AbbVie presently has a consensus rating of ""Moderate Buy"" and a consensus target price of $253.00. In related news, SVP David Ryan Purdue sold 5,230 shares of the company's stock in a transaction on Wednesday, March 4th. The stock was sold at an average price of $233.56, for a total transaction of $1,221,518.80. Following the completion of the sale, the senior vice president directly owned 2,654 shares in the company, valued at $619,868.24. This represents a 66.34% decrease in their position. The sale was disclosed in a document filed with the SEC, which is available through this link. Also, EVP Perry C. Siatis sold 22,381 shares of the company's stock in a transaction on Wednesday, February 25th. The stock was sold at an average price of $230.00, for a total value of $5,147,630.00. Following the sale, the executive vice president owned 38,137 shares of the company's stock, valued at $8,771,510. This trade represents a 36.98% decrease in their ownership of the stock. The SEC filing for this sale provides additional information. Company insiders own  0.06% of the company's stock. Here are the key news stories impacting AbbVie this week: AbbVie is a global, research-driven biopharmaceutical company that was created as a spin-off from Abbott Laboratories in 2013 and is headquartered in North Chicago, Illinois. The company focuses on discovering, developing and commercializing therapies for complex and often chronic medical conditions. Its operations span research and development, manufacturing, regulatory affairs and commercialization, with an emphasis on bringing specialty medicines to market across multiple therapeutic areas. AbbVie's product portfolio and pipeline cover several major therapeutic categories, including immunology, oncology, neuroscience, virology and women's health. Want to see what other hedge funds are holding ABBV? Visit HoldingsChannel.com to get the latest 13F filings and insider trades for AbbVie Inc. (NYSE:ABBV - Free Report). This instant news alert was generated by narrative science technology and financial data from MarketBeat in order to provide readers with the fastest reporting and unbiased coverage. Please send any questions or comments about this story to contact@marketbeat.com. Before you consider AbbVie, you'll want to hear this. MarketBeat keeps track of Wall Street's top-rated and best performing research analysts and the stocks they recommend to their clients on a daily basis. MarketBeat has identified the five stocks that top analysts are quietly whispering to their clients to buy now before the broader market catches on... and AbbVie wasn't on the list. While AbbVie currently has a Moderate Buy rating among analysts, top-rated analysts believe these five stocks are better buys. We are about to experience the greatest A.I. boom in stock market history...

Thanks to a pivotal economic catalyst, specific tech stocks will skyrocket just like they did during the ""dot com"" boom in the 1990s.

That’s why, we’ve hand-selected 7 tiny tech disruptor stocks positioned to surge. Sign up for MarketBeat All Access to gain access to MarketBeat's full suite of research tools. 345 N Reid Place, Suite 620, Sioux Falls, SD 57103
                                        
                                        contact@marketbeat.com
                                        
                                        (844) 978-6257 © MarketBeat Media, LLC 2010-2026. All rights reserved. © 2026   Fair market value prices are updated every minute and are provided by Massive. Other market data provided is at least 10-minutes delayed and hosted by Barchart Solutions.  Information is provided 'as-is' and solely for informational purposes, not for trading purposes or advice, and is delayed. To see all exchange delays and terms of use please see Barchart's disclaimer. We and our partners share information on your use of this website to help improve your experience. For more information, or to opt out click the Do Not Sell My Information button below.",https://www.marketbeat.com/instant-alerts/filing-ae-wealth-management-llc-purchases-7696-shares-of-abbvie-inc-abbv-2026-04-17/
ABBV,Portfolio Building Block World Pharma and Biotech Index ETF's AbbVie Inc(ABBV) Holding History - GuruFocus,2026-04-17 04:31:08,"This website is using a security service to protect itself from online attacks. The action you just performed triggered the security solution. There are several actions that could trigger this block including submitting a certain word or phrase, a SQL command or malformed data. You can email the site owner to let them know you were blocked. Please include what you were doing when this page came up and the Cloudflare Ray ID found at the bottom of this page. Cloudflare Ray ID: 9ee84e8f39a7e61f
•

        Your IP:
        Click to reveal
40.76.191.131
•

Performance & security by Cloudflare",https://www.gurufocus.com/guru-portfolio/Portfolio%20Building%20Block%20World%20Pharma%20and%20Biotech%20Index%20ETF/ABBV
ABBV,INVESCO V.I. Health Care Fund's AbbVie Inc(ABBV) Holding History - GuruFocus,2026-04-17 00:22:41,"This website is using a security service to protect itself from online attacks. The action you just performed triggered the security solution. There are several actions that could trigger this block including submitting a certain word or phrase, a SQL command or malformed data. You can email the site owner to let them know you were blocked. Please include what you were doing when this page came up and the Cloudflare Ray ID found at the bottom of this page. Cloudflare Ray ID: 9ee84e9409eee61f
•

        Your IP:
        Click to reveal
40.76.191.131
•

Performance & security by Cloudflare",https://www.gurufocus.com/guru-portfolio/INVESCO%20V.I.%20Health%20Care%20Fund/ABBV
ABBV,Is It Too Late To Consider AbbVie (ABBV) After The Recent Share Price Pullback - simplywall.st,2026-04-16 20:19:41,"AbbVie scores just 2/6 on our valuation checks. See what other red flags we found in the full valuation breakdown. A Discounted Cash Flow model takes projected future cash flows and discounts them back to today, aiming to estimate what those cash flows might be worth in present dollar terms. For AbbVie, the latest twelve month Free Cash Flow is about $17.97b. Using a 2 Stage Free Cash Flow to Equity model, analyst estimates and extrapolations are used to project cash flows over the coming decade. By 2030, Free Cash Flow is projected at $34.15b, with intermediate yearly estimates between 2026 and 2035 discounted back to today in the model. All cash flows are assessed in US$. On this basis, the DCF model points to an estimated intrinsic value of about $400.03 per share, compared with a current share price of around $208. That implies the stock is about 47.9% below this intrinsic value estimate. In other words, the DCF model currently views AbbVie as undervalued. Our Discounted Cash Flow (DCF) analysis suggests AbbVie is undervalued by 47.9%. Track this in your watchlist or portfolio, or discover 60 more high quality undervalued stocks. Head to the Valuation section of our Company Report for more details on how we arrive at this Fair Value for AbbVie. For profitable companies, the P/E ratio is a common way to think about what you are paying for each dollar of earnings, which makes it a useful cross check against a DCF model. Higher growth expectations and lower perceived risk usually support a higher P/E, while slower growth or higher risk tend to point to a lower, more conservative P/E range. AbbVie is currently trading on a P/E of 88.07x. That is well above the Biotechs industry average of about 17.22x and also above the peer group average of 22.59x, so on simple comparisons the shares carry a much richer earnings multiple. Simply Wall St’s Fair Ratio is a proprietary estimate of what AbbVie’s P/E might reasonably be, given factors such as its earnings growth profile, industry, profit margins, market cap and specific risks. This is more tailored than a blunt comparison with peers or the broad industry, which might have very different growth, risk and profitability characteristics. For AbbVie, the Fair Ratio is 36.53x, which is well below the current P/E of 88.07x. This indicates the shares are trading above this model’s estimate of a fair earnings multiple. P/E ratios tell one story, but what if the real opportunity lies elsewhere? Start investing in legacies, not executives. Discover our 19 top founder-led companies. Earlier it was mentioned that there is an even better way to understand valuation. Narratives on Simply Wall St’s Community page let you turn your view of AbbVie into a clear story that links its business drivers and risks to a forecast for revenue, earnings and margins, then to a Fair Value that you can compare with today’s price to help decide whether to buy or sell. The platform keeps that Narrative refreshed when new news or earnings arrive. Different investors can sit anywhere between a more upbeat view that sees the company reaching the higher analyst fair value of US$299 and a more cautious view that aligns with the lower fair value of US$184. Do you think there's more to the story for AbbVie? Head over to our Community to see what others are saying! This article by Simply Wall St is general in nature. We provide commentary based on historical data
    and analyst forecasts only using an unbiased methodology and our articles are not intended to be financial advice. It does not constitute a recommendation to buy or sell any stock, and does not take account of your objectives, or your
    financial situation. We aim to bring you long-term focused analysis driven by fundamental data.
    Note that our analysis may not factor in the latest price-sensitive company announcements or qualitative material.
    Simply Wall St has no position in any stocks mentioned. We've created the ultimate portfolio companion for stock investors, and it's free. • Connect an unlimited number of Portfolios and see your total in one currency• Be alerted to new Warning Signs or Risks via email or mobile• Track the Fair Value of your stocks Have feedback on this article? Concerned about the content? Get in touch with us directly. Alternatively, email editorial-team@simplywallst.com A research-based biopharmaceutical company, engages in the research and development, manufacturing, commercializing, and sale of medicines and therapies worldwide. Moderate risk with reasonable growth potential and pays a dividend. Financial Data provided by S&P Global Market Intelligence LLC, analysis provided by Simply Wall Street Pty Ltd. Copyright © 2026, S&P Global Market Intelligence LLC. All rights reserved. Simply Wall Street Pty Ltd (ACN 600 056 611), is a Corporate Authorised Representative (Authorised Representative Number: 467183) of Sanlam Private Wealth Pty Ltd (AFSL No. 337927). Any advice contained in this website is general advice only and has been prepared without considering your objectives, financial situation or needs. You should not rely on any advice and/or information contained in this website and before making any investment decision we recommend that you consider whether it is appropriate for your situation and seek appropriate financial, taxation and legal advice. Please read our Financial Services Guide before deciding whether to obtain financial services from us. © 2026 Simply Wall Street Pty Ltd, US Design Patent #29/544/281, Community and European Design Registration #2845206",https://simplywall.st/stocks/us/pharmaceuticals-biotech/nyse-abbv/abbvie/news/is-it-too-late-to-consider-abbvie-abbv-after-the-recent-shar
ABBV,Why AbbVie Is a No-Brainer Stock to Buy on the Dip - The Globe and Mail,2026-04-16 20:01:00,"It’s still reasonably valued, and it pays an attractive dividend. AbbVie's (NYSE: ABBV) stock closed at a record high of $238.71 on Oct. 1, 2025. However, its stock has pulled back by about 13% since then. Let's see why that pullback represents a golden buying opportunity for long-term investors who can tune out the near-term noise. Will AI create the world's first trillionaire? Our team just released a report on the one little-known company, called an ""Indispensable Monopoly"" providing the critical technology Nvidia and Intel both need. Continue » Before its recent pullback, AbbVie's stock had doubled in value over the previous four years. That rally was mainly driven by the market's enthusiasm for its two newer immunology drugs, Skyrizi and Rinvoq, to replace the revenue lost from its former blockbuster, Humira. However, the market was also pricing in much of that future growth and assuming that Skyrizi and Rinvoq wouldn't face any significant regulatory or competitive headwinds. The bullish thesis also assumed its Humira sales wouldn't wither too quickly before those catalysts kicked in. As the macro headwinds intensified over the past few months, some of AbbVie's investors likely noticed those issues and took some money off the table. Expectations for elevated interest rates, rather than continued rate cuts, also weighed on high-yield dividend stocks like AbbVie. But if we look beyond those near-term issues, AbbVie is still a rock-solid dividend stock with a forward yield of 3.3%. From 2025 to 2028, analysts expect its EPS to rise more than fivefold as its new drug sales surge, yet it looks reasonably valued at 24 times this year's earnings. So if you're looking for a safe place to park your cash in this turbulent market, AbbVie checks all the right boxes. The Motley Fool Stock Advisor analyst team just identified what they believe are the 10 best stocks for investors to buy now… and AbbVie wasn’t one of them. The 10 stocks that made the cut could produce monster returns in the coming years. Consider when Netflix made this list on December 17, 2004... if you invested $1,000 at the time of our recommendation, you’d have $580,872!* Or when Nvidia made this list on April 15, 2005... if you invested $1,000 at the time of our recommendation, you’d have $1,219,180!* Now, it’s worth noting Stock Advisor’s total average return is 1,016% — a market-crushing outperformance compared to 197% for the S&P 500. Don't miss the latest top 10 list, available with Stock Advisor, and join an investing community built by individual investors for individual investors. Leo Sun has positions in AbbVie. The Motley Fool has positions in and recommends AbbVie. The Motley Fool has a disclosure policy. All market data (will open in new tab) is provided by Barchart Solutions. Copyright © 2026. Information is provided 'as is' and solely for informational purposes, not for trading purposes or advice. For exchange delays and terms of use, please read disclaimer (will open in new tab).",https://www.theglobeandmail.com/investing/markets/stocks/ABBV/pressreleases/1353968/why-abbvie-is-a-no-brainer-stock-to-buy-on-the-dip/
ABBV,ABBV: Abbott Laboratories Reports In-Line EPS and Strong Revenue Beat - GuruFocus,2026-04-16 16:41:15,"This website is using a security service to protect itself from online attacks. The action you just performed triggered the security solution. There are several actions that could trigger this block including submitting a certain word or phrase, a SQL command or malformed data. You can email the site owner to let them know you were blocked. Please include what you were doing when this page came up and the Cloudflare Ray ID found at the bottom of this page. Cloudflare Ray ID: 9ee84e7df931e61f
•

        Your IP:
        Click to reveal
40.76.191.131
•

Performance & security by Cloudflare",https://www.gurufocus.com/news/8797778/abbv-abbott-laboratories-reports-inline-eps-and-strong-revenue-beat?mobile=true%3Fmobile%3Dtrue&mobile=true%3Fmobile%3Dtrue%3Fmobile%3Dtrue&mobile=true&mobile=true
ABBV,"Analysts Offer Insights on Healthcare Companies: AbbVie (ABBV), McKesson (MCK) and Regeneron (REGN) - The Globe and Mail",2026-04-16 11:31:00,"There’s a lot to be optimistic about in the Healthcare sector as 3 analysts just weighed in on AbbVie (ABBV), McKesson (MCK) and Regeneron (REGN) with bullish sentiments. In a report released today, Terence Flynn from Morgan Stanley maintained a Buy rating on AbbVie, with a price target of $270.00. The company’s shares closed last Tuesday at $210.26, close to its 52-week high of $218.66. According to TipRanks.com, Flynn is a 5-star analyst with an average return of  9.0% and a 54.4% success rate. Flynn covers the Healthcare sector, focusing on stocks such as Structure Therapeutics, Inc. Sponsored ADR, Arvinas Holding Company, and Vertex Pharmaceuticals. ;'> Currently, the analyst consensus on AbbVie is a Moderate Buy with an average price target of $254.28, which is a 24.2% upside from current levels. In a report issued on April 4, TipRanks – PerPlexity also upgraded the stock to Buy with a $233.00 price target. Bank of America Securities analyst Allen Lutz maintained a Buy rating on McKesson today and set a price target of $1000.00. The company’s shares closed last Tuesday at $862.79. According to TipRanks.com, Lutz is a 5-star analyst with an average return of  10.7% and a 61.9% success rate. Lutz covers the Healthcare sector, focusing on stocks such as Definitive Healthcare Corp, Hims & Hers Health, and Envista Holdings. ;'> McKesson has an analyst consensus of Strong Buy, with a price target consensus of $981.22, a 13.7% upside from current levels. In a report issued on April 8, Evercore ISI also maintained a Buy rating on the stock with a $950.00 price target. In a report released today, Tazeen Ahmad from Bank of America Securities reiterated a Buy rating on Regeneron, with a price target of $860.00. The company’s shares closed last Tuesday at $755.51. According to TipRanks.com, Ahmad is a 4-star analyst with an average return of  2.5% and a 51.8% success rate. Ahmad covers the Healthcare sector, focusing on stocks such as Ultragenyx Pharmaceutical, KalVista Pharmaceuticals, and Bicara Therapeutics Inc. ;'> The word on The Street in general, suggests a Strong Buy analyst consensus rating for Regeneron with a $876.36 average price target, implying a 17.6% upside from current levels. In a report issued on March 31, Piper Sandler also initiated coverage with a Buy rating on the stock with a $875.00 price target. All market data (will open in new tab) is provided by Barchart Solutions. Copyright © 2026. Information is provided 'as is' and solely for informational purposes, not for trading purposes or advice. For exchange delays and terms of use, please read disclaimer (will open in new tab).",https://www.theglobeandmail.com/investing/markets/stocks/ABBV-N/pressreleases/1341208/analysts-offer-insights-on-healthcare-companies-abbvie-abbv-mckesson-mck-and-regeneron-regn/
ABBV,1 Value Stock Worth Your Attention and 2 That Underwhelm - The Globe and Mail,2026-04-16 04:36:00,"Value stocks typically trade at discounts to the broader market, offering patient investors the opportunity to buy businesses when they’re out of favor. The key risk, however, is that these stocks are usually cheap for a reason – five cents for a piece of fruit may seem like a great deal until you find out it’s rotten. Identifying genuine bargains from value traps is something many investors struggle with, which is why we started StockStory - to help you find the best companies. Keeping that in mind, here is one value stock with strong fundamentals and two best left ignored. Best known for its aluminum foil, Reynolds (NASDAQ:REYN) is a household products company whose products focus on food storage, cooking, and waste. Reynolds’s stock price of $21.66 implies a valuation ratio of 13.7x forward P/E. If you’re considering REYN for your portfolio, see our FREE research report to learn more. Evolving from its roots in IT staffing to become a high-end technology consulting powerhouse, ASGN (NYSE:ASGN) provides specialized IT consulting services and staffing solutions to Fortune 1000 companies and U.S. federal government agencies. ASGN is trading at $39.05 per share, or 7.6x forward P/E. Dive into our free research report to see why there are better opportunities than ASGN. Born from a 2013 spinoff of Abbott Laboratories' pharmaceutical business, AbbVie (NYSE:ABBV) is a biopharmaceutical company that develops and markets medications for autoimmune diseases, cancer, neurological disorders, and other complex health conditions. At $208.61 per share, AbbVie trades at 14.7x forward P/E. Is now the right time to buy? See for yourself in our full research report, it’s free. ONE MORE THING: Top 5 Growth Stocks. The biggest stock winners almost always had one thing in common before they ran. Revenue growing like crazy. Meta. CrowdStrike. Broadcom. Our AI flagged all three. They returned 315%, 314%, and 455%, respectively. Find out which 5 stocks it's flagging for this month — FREE. Get Our Top 5 Growth Stocks for Free HERE. Stocks that made our list in 2020 include now familiar names such as Nvidia (+1,326% between June 2020 and June 2025) as well as under-the-radar businesses like the once-small-cap company Exlservice (+354% five-year return). Find your next big winner with StockStory today. All market data (will open in new tab) is provided by Barchart Solutions. Copyright © 2026. Information is provided 'as is' and solely for informational purposes, not for trading purposes or advice. For exchange delays and terms of use, please read disclaimer (will open in new tab).",https://www.theglobeandmail.com/investing/markets/stocks/ABBV/pressreleases/1336942/1-value-stock-worth-your-attention-and-2-that-underwhelm/
