id,ticker,date,title,content,url
1,ABBV,2026-03-28 13:18:57,"AbbVie 피부과 데이터, 면역학의 깊이와 부상하는 피부질환 기회를 부각 - simplywall.st","투자자들에게 이번 업데이트는 AbbVie가 기존의 면역학 및 기타 전문의약품 분야에서의 확고한 입지와 함께, 면역 매개 피부과를 핵심 치료 영역으로 강화하고 있다는 점을 보여줍니다. 백반증과 원형탈모증 같은 질환에서의 새로운 3상(Phase 3) 데이터는 광범위한 헤드라인 범주가 아니라, 임상적으로 정의된 특정 틈새에서 파이프라인이 얼마나 깊은지를 직접 보여준다는 점에서 중요할 수 있습니다. 이러한 새로운 결과는 AbbVie의 R&D 역량, 향후 적응증 확대 가능성, 그리고 시간이 지나면서 만성 피부질환에서의 경쟁적 위치를 어떻게 바라볼지에 영향을 줄 수 있습니다. 회의에서 더 많은 세부 내용이 나오면, 내구성 있는 치료 결과와 삶의 질 데이터가 실제 처방 채택, 가격, 그리고 기존 사업부문과 향후 치료제 간의 균형과 어떻게 연결되는지가 핵심이 될 것입니다. AbbVie의 가장 중요한 뉴스들을 놓치지 않으려면 관심 목록이나 포트폴리오에 추가해 최신 소식을 받아보세요. 또는 커뮤니티를 둘러보며 AbbVie에 대한 새로운 시각을 발견해 보세요. 이 헤드라인이 다루지 않는 AbbVie의 긍정적 요인 2가지.
이 피부과 업데이트는 AbbVie가 어떻게 면역학 스토리를 보다 집중적인 면역 매개 피부질환으로 확장하려 하는지 더 분명하게 보여줍니다. 한쪽에서는 건선성 관절염, 아토피 피부염, 건선에서의 장기 데이터가 지속성, 안전성, 삶의 질을 보여주며, 이는 Johnson & Johnson, Novartis, Pfizer 같은 대형 경쟁사와의 비교에서 핵심 포인트입니다. 다른 한쪽에서는 백반증과 원형탈모증에 대한 막판 공개 3상 데이터가 더 새롭고 경쟁이 덜한 시장을 부각하는데, 이 시장에서는 전신 치료 옵션이 제한적이며, 차별화가 단순한 헤드라인 반응률보다 실제 질환 조절과 환자 보고 결과에 달려 있을 수 있습니다. 기업 가치가 얼마인지 아는 것은 그 기업의 스토리를 이해하는 것에서 시작됩니다. AbbVie에 대한 Simply Wall St 커뮤니티의 상위 내러티브 중 하나를 확인해, 그것이 여러분에게 어떤 가치를 지니는지 판단하는 데 도움을 받아보세요. 앞으로는 의사와 지급자가 새로운 장기 데이터, 특히 삶의 질과 질병 조절에 어떻게 반응하는지, 그리고 그것이 건선과 아토피 피부염처럼 경쟁이 치열한 영역의 처방 패턴을 바꾸는지 지켜볼 필요가 있습니다. 백반증과 원형탈모증에서는 규제 당국의 피드백, 안전성 관련 업데이트, 그리고 경쟁사들의 부상하는 대안들과의 결과 비교에 주목해야 합니다. 투자자들의 관심은 AbbVie의 향후 이익 스토리가 소수의 면역학 브랜드에 얼마나 의존하는지, 아니면 신경과학, 종양학, 미용성형 분야 전반에 걸친 더 넓은 조합에 기반하는지에도 계속 머물 가능성이 높습니다. AbbVie에 영향을 미치는 최신 뉴스가 투자 내러티브에 어떻게 반영되는지 항상 확인하려면, AbbVie 커뮤니티 페이지로 이동해 상위 커뮤니티 내러티브의 업데이트를 놓치지 마세요. 이 기사는 Simply Wall St의 일반적인 성격의 글입니다. 우리는 편향되지 않은 방법론을 사용해 역사적 데이터와 애널리스트 전망에 기반한 코멘터리를 제공하며, 당사의 기사는 금융 자문을 목적으로 하지 않습니다. 이는 어떤 주식의 매수 또는 매도 추천도 아니며, 귀하의 목표나 재무 상황을 고려하지 않습니다. 우리는 근본적 데이터를 바탕으로 장기 중심의 분석을 제공하는 것을 목표로 합니다. 당사의 분석은 최신의 주가 민감 공시나 정성적 자료를 반영하지 못할 수 있다는 점에 유의하십시오. Simply Wall St는 언급된 어떤 주식에도 포지션을 보유하지 않습니다. 우리는 주식 투자자를 위한 최고의 포트폴리오 동반 도구를 만들었으며, 이는 무료입니다. • 제한 없이 여러 포트폴리오를 연결하고 총액을 하나의 통화로 확인 • 이메일 또는 모바일로 새로운 경고 신호나 리스크 알림 수신 • 보유 주식의 공정가치 추적
이 기사에 대한 의견이 있으신가요? 내용이 우려되시나요? 직접 문의해 주세요. 또는 editorial-team@simplywallst.com으로 이메일을 보내주세요. 연구 기반 바이오제약 회사로서, 전 세계적으로 의약품과 치료제의 연구개발, 제조, 상업화 및 판매를 수행합니다. 합리적인 성장 잠재력과 배당을 제공하는 중간 수준의 위험. 금융 데이터는 S&P Global Market Intelligence LLC가 제공하며, 분석은 Simply Wall Street Pty Ltd가 제공했습니다. Copyright © 2026, S&P Global Market Intelligence LLC. All rights reserved. Simply Wall Street Pty Ltd (ACN 600 056 611)는 Sanlam Private Wealth Pty Ltd(AFSL No. 337927)의 기업 공인 대리인(Authorized Representative Number: 467183)입니다. 본 웹사이트에 포함된 어떠한 조언도 일반적인 조언일 뿐이며, 귀하의 목표, 재무 상황 또는 필요를 고려하지 않고 작성되었습니다. 본 웹사이트에 포함된 어떠한 조언 및/또는 정보도 신뢰해서는 안 되며, 투자 결정을 내리기 전에 귀하의 상황에 적절한지 고려하고 적절한 재무, 세무 및 법률 자문을 구할 것을 권장합니다. 금융 서비스 이용 여부를 결정하기 전에 당사의 Financial Services Guide를 읽어보시기 바랍니다. © 2026 Simply Wall Street Pty Ltd, US Design Patent #29/544/281, Community and European Design Registration #2845206",https://simplywall.st/stocks/us/pharmaceuticals-biotech/nyse-abbv/abbvie/news/abbvie-dermatology-data-highlights-immunology-depth-and-emer
2,ABBV,2026-03-28 12:02:32,"Wealthcare Advisory Partners LLC, AbbVie Inc. $ABBV 지분 확대 - MarketBeat","Wealthcare Advisory Partners LLC는 증권거래위원회(SEC)에 최근 제출한 서류에 따르면 4분기에 AbbVie Inc.(NYSE:ABBV - Free Report) 보유 지분을 49.8% 늘렸습니다. 이 펀드는 해당 기간 동안 23,065주를 추가 매입한 뒤 회사 주식 69,377주를 보유했습니다. SEC에 대한 최근 제출 기준으로 Wealthcare Advisory Partners LLC의 AbbVie 보유 지분 가치는 1,585만 2,000달러였습니다. 최근 다른 여러 헤지펀드와 기관투자자들도 이 종목을 매수하거나 매도했습니다. Diversified Trust Co는 3분기에 AbbVie 지분을 23.6% 늘렸습니다. 현재 Diversified Trust Co는 지난 분기 10,891주를 추가 매수한 뒤 회사 주식 57,076주를 보유하고 있으며, 가치는 1,321만 5,000달러입니다. Permanent Capital Management LP는 3분기에 AbbVie의 신규 포지션을 72만 달러어치 취득했습니다. Railway Pension Investments Ltd는 3분기에 AbbVie 지분을 33.0% 확대했습니다. 현재 Railway Pension Investments Ltd는 지난 분기 211,800주를 추가로 매수한 뒤 회사 주식 853,949주를 보유하고 있으며, 가치는 1억 9,772만 3,000달러입니다. World Investment Advisors는 3분기에 AbbVie 보유량을 9.4% 늘렸습니다. 현재 World Investment Advisors는 지난 분기 9,811주를 추가 매수한 뒤 회사 주식 113,925주를 보유하고 있으며, 가치는 2,637만 8,000달러입니다. 마지막으로 Charles Schwab Trust Co는 3분기에 AbbVie 보유량을 93.4% 늘렸습니다. 현재 Charles Schwab Trust Co는 지난 분기 15,502주를 추가 매수한 뒤 회사 주식 32,105주를 보유하고 있으며, 가치는 743만 4,000달러입니다. 주식의 70.23%는 헤지펀드와 기타 기관투자자들이 보유하고 있습니다. ABBV 주가는 금요일 209.46달러에 출발했습니다. 회사의 50일 이동평균 가격은 221.96달러이며 200일 이동평균 가격은 224.52달러입니다. AbbVie Inc.의 12개월 최저가는 164.39달러, 12개월 최고가는 244.81달러입니다. 이 회사의 시가총액은 3,703억 7,000만 달러, PER은 88.76, PEG 비율은 0.73, 베타는 0.34입니다. AbbVie(NYSE:ABBV - Get Free Report)는 마지막으로 2월 4일 수요일에 실적을 발표했습니다. 회사는 분기 주당순이익(EPS) 2.71달러를 보고해 시장 예상치 2.65달러를 0.06달러 상회했습니다. AbbVie의 순이익률은 6.91%였고 자기자본이익률(ROE)은 마이너스 1,579.75%였습니다. 분기 매출은 163억 9,000만 달러로, 애널리스트 예상치 163억 9,000만 달러를 웃돌았습니다. 전년 동기 같은 분기에는 EPS 2.16달러를 기록했습니다. AbbVie의 매출은 전년 동기 대비 10.0% 증가했습니다. AbbVie는 2026 회계연도 가이던스를 EPS 14.370~14.570달러, 2026년 1분기 가이던스를 EPS 2.970~3.010달러로 제시했습니다. 주식 리서치 애널리스트들은 AbbVie Inc.가 올해 EPS 12.31달러를 기록할 것으로 전망하고 있습니다. 회사는 최근 분기 배당도 발표했으며, 이는 5월 15일 금요일에 지급될 예정입니다. 4월 15일 수요일 기준 주주명부에 이름이 오른 주주들은 주당 1.73달러의 배당금을 받게 됩니다. 이는 연환산 배당금 6.92달러, 배당수익률 3.3%에 해당합니다. 배당락일은 4월 15일 수요일입니다. AbbVie의 배당성향(DPR)은 293.22%입니다. 최근 여러 리서치 애널리스트들이 이 회사에 대해 의견을 냈습니다. William Blair는 3월 9일 월요일 보고서에서 AbbVie 주식에 대한 '시장수익률 상회(outperform)' 의견을 재확인했습니다. Wall Street Zen은 2월 28일 토요일 보고서에서 AbbVie 주식 투자의견을 '매수(buy)'에서 '강력매수(strong-buy)'로 상향했습니다. Goldman Sachs Group은 1월 28일 수요일 리서치 노트에서 AbbVie에 대한 '중립(neutral)' 의견과 223.00달러의 목표주가를 유지했습니다. HSBC는 12월 10일 수요일 보고서에서 AbbVie 주식 투자의견을 '보유(hold)'에서 '매수(buy)'로 상향하고 목표주가를 225.00달러에서 265.00달러로 높였습니다. 마지막으로 Barclays는 2월 19일 목요일 보고서에서 AbbVie에 대한 커버리지를 시작하며 '비중확대(overweight)' 의견과 275.00달러의 목표주가를 제시했습니다. 애널리스트 2명은 이 종목에 강력매수 의견을, 14명은 매수 의견을, 9명은 보유 의견을 부여했습니다. MarketBeat 데이터에 따르면 AbbVie의 현재 컨센서스 투자의견은 '중간 매수(Moderate Buy)'이며, 컨센서스 목표주가는 253.15달러입니다. 이번 주 AbbVie에 영향을 미치는 주요 뉴스는 다음과 같습니다. 다른 AbbVie 소식으로, EVP 퍼리 C. 시아티스(Perry C. Siatis)는 2월 25일 수요일 거래에서 회사 주식 22,381주를 매도했습니다. 주식은 평균 230.00달러에 매도되어 총 거래금액은 5,147,630.00달러였습니다. 거래 이후 해당 EVP는 회사 주식 38,137주를 직접 보유했으며, 가치는 8,771,510달러였습니다. 이는 해당 인사의 보유 지분이 36.98% 감소한 것입니다. 이 거래는 SEC 웹사이트에서 확인 가능한 SEC 제출 문서에 공시되었습니다. 또한 SVP 데이비드 라이언 퍼듀(David Ryan Purdue)는 3월 4일 수요일 거래에서 회사 주식 5,230주를 매도했습니다. 주식은 평균 233.56달러에 매도되어 총 가치는 1,221,518.80달러였습니다. 거래 이후 수석부사장은 회사 주식 2,654주를 보유했으며, 가치는 약 619,868.24달러였습니다. 이는 해당 인사의 보유 지분이 66.34% 감소한 것입니다. 해당 매도 공시는 SEC 제출 서류에서 확인할 수 있습니다. 내부자는 회사 주식의 0.25%를 보유하고 있습니다. AbbVie는 2013년 Abbott Laboratories에서 분사해 설립된 글로벌 연구 중심 바이오제약 회사로, 일리노이주 노스 시카고에 본사를 두고 있습니다. 회사는 복잡하고 종종 만성적인 의료 상태를 위한 치료법을 발견, 개발 및 상업화하는 데 주력합니다. 연구개발, 제조, 규제 업무 및 상업화를 아우르며, 여러 치료 영역에서 전문의약품을 시장에 출시하는 데 중점을 둡니다. AbbVie의 제품 포트폴리오와 파이프라인은 면역학, 종양학, 신경과학, 바이러스학, 여성 건강을 포함한 여러 주요 치료 범주를 포괄합니다. 이 즉시 뉴스 알림은 독자들에게 가장 빠른 보도와 편향 없는 커버리지를 제공하기 위해 MarketBeat의 내러티브 과학 기술과 금융 데이터로 생성되었습니다. 이 기사에 대한 질문이나 의견이 있으시면 contact@marketbeat.com으로 보내주시기 바랍니다. AbbVie를 고려하기 전에 이것도 들어보세요. MarketBeat는 월가의 최고 평가 애널리스트들과 그들이 고객에게 추천하는 종목들을 매일 추적합니다. MarketBeat는 더 넓은 시장이 알아차리기 전에 지금 고객에게 조용히 매수하라고 속삭이는 상위 애널리스트 추천 5개 종목을 찾아냈으며... AbbVie는 그 목록에 없었습니다. 현재 AbbVie는 애널리스트들 사이에서 중간 매수 평가를 받고 있지만, 최고 평가 애널리스트들은 이 5개 종목이 더 나은 매수 대상이라고 보고 있습니다. 링크를 클릭해 MarketBeat의 7개 종목 목록과 그 장기 전망이 왜 매우 유망한지 확인해 보세요. MarketBeat All Access에 가입하면 MarketBeat의 모든 리서치 도구를 이용할 수 있습니다. 345 N Reid Place, Suite 620, Sioux Falls, SD 57103 contact@marketbeat.com (844) 978-6257 © MarketBeat Media, LLC 2010-2026. All rights reserved. © 2026 공정가치 가격은 매분 업데이트되며 Massive가 제공합니다. 기타 시장 데이터는 최소 10분 지연되며 Barchart Solutions가 호스팅합니다. 정보는 '있는 그대로' 제공되며 거래 목적이나 조언이 아닌 정보 제공 목적으로만 사용되며, 지연이 있을 수 있습니다. 모든 거래소 지연 및 이용약관은 Barchart의 고지를 참조하십시오. 아래에 이메일 주소를 입력하시면 AbbVie의 배당 뉴스, 새로운 배당 선언 및 배당락 종목에 대한 간결한 일일 요약을 DividendStocks.com의 무료 뉴스레터로 받아보실 수 있습니다. 당사와 파트너는 귀하의 경험 향상을 돕기 위해 이 웹사이트 사용 정보와 관련 정보를 공유합니다. 자세한 내용이나 제외를 원하시면 아래의 Do Not Sell My Information 버튼을 클릭하십시오.",https://www.marketbeat.com/instant-alerts/filing-wealthcare-advisory-partners-llc-grows-stake-in-abbvie-inc-abbv-2026-03-28/
3,ABBV,2026-03-28 10:32:03,"Generate Investment Management Ltd, AbbVie Inc. $ABBV 주식 49,224주 매도 - MarketBeat","Generate Investment Management Ltd는 미국 증권거래위원회(SEC)에 최근 제출한 서류에 따르면 4분기 동안 AbbVie Inc.(NYSE:ABBV - Free Report) 보유량을 56.8% 줄였습니다. 이 회사는 해당 분기 동안 49,224주를 매도한 뒤 AbbVie 주식 37,445주를 보유하게 되었습니다. 최근 분기 말 기준 Generate Investment Management Ltd의 AbbVie 보유 가치는 855만 6,000달러였습니다. 최근 ABBV 지분을 추가하거나 줄인 다른 대형 투자자들도 다수 있습니다. Brighton Jones LLC는 4분기 동안 AbbVie 주식 보유를 17.4% 늘렸습니다. 현재 Brighton Jones LLC는 지난 분기 3,401주를 추가 매수한 뒤 회사 주식 22,912주를 보유하고 있으며, 가치는 407만 2,000달러입니다. Revolve Wealth Partners LLC는 4분기에 AbbVie 보유량을 72.7% 늘렸습니다. 현재 Revolve Wealth Partners LLC는 지난 분기 3,064주를 추가 매수한 뒤 회사 주식 7,279주를 보유하고 있으며, 가치는 129만 4,000달러입니다. Schnieders Capital Management LLC.는 2분기 동안 AbbVie 주식 보유를 5.0% 늘렸습니다. 현재 Schnieders Capital Management LLC.는 지난 분기 789주를 추가 취득한 뒤 회사 주식 16,466주를 보유하고 있으며, 가치는 305만 6,000달러입니다. GM Advisory Group LLC는 2분기 동안 AbbVie 주식 보유를 86.3% 늘렸습니다. 현재 GM Advisory Group LLC는 지난 분기 3,164주를 추가 취득한 뒤 회사 주식 6,831주를 보유하고 있으며, 가치는 126만 8,000달러입니다. 마지막으로 Groupama Asset Managment는 2분기 동안 AbbVie 지분을 1.6% 늘렸습니다. 현재 Groupama Asset Managment는 지난 분기 2,290주를 추가 취득한 뒤 회사 주식 149,687주를 보유하고 있으며, 가치는 2,728만 9,000달러입니다. 주식의 70.23%는 헤지펀드와 기타 기관투자자들이 보유하고 있습니다. AbbVie 주가는 금요일 209.46달러에 출발했습니다. AbbVie Inc.의 52주 최저가는 164.39달러, 52주 최고가는 244.81달러입니다. 회사의 50일 이동평균은 221.96달러, 200일 이동평균은 224.52달러입니다. 이 회사의 시가총액은 3,703억 7,000만 달러, 주가수익비율(PER)은 88.76, PEG 비율은 0.73, 베타는 0.34입니다. AbbVie(NYSE:ABBV - Get Free Report)는 마지막으로 2월 4일 수요일 분기 실적을 발표했습니다. 회사는 분기 EPS 2.71달러를 보고해 애널리스트 컨센서스 추정치 2.65달러를 0.06달러 상회했습니다. 분기 매출은 163억 9,000만 달러로, 애널리스트 예상치 163억 9,000만 달러를 웃돌았습니다. AbbVie의 순이익률은 6.91%였고 자기자본이익률은 마이너스 1,579.75%였습니다. 분기 매출은 전년 동기 대비 10.0% 증가했습니다. 같은 기간 전년에는 회사가 EPS 2.16달러를 기록했습니다. AbbVie는 2026 회계연도 가이던스를 EPS 14.370~14.570달러, 2026년 1분기 가이던스를 EPS 2.970~3.010달러로 제시했습니다. 평균적으로 주식 리서치 애널리스트들은 AbbVie Inc.가 이번 회계연도 EPS 12.31달러를 기록할 것으로 예상하고 있습니다. 회사는 또한 최근 분기 배당을 공시했으며, 이는 5월 15일 금요일에 지급될 예정입니다. 4월 15일 수요일 기준 주주명부에 등재된 주주들은 주당 1.73달러의 배당금을 받게 됩니다. 이는 연환산 기준 6.92달러의 배당금과 3.3%의 배당수익률에 해당합니다. 이 배당의 배당락일은 4월 15일 수요일입니다. AbbVie의 배당성향은 현재 293.22%입니다. 최근 여러 증권사들이 ABBV에 대한 의견을 냈습니다. Guggenheim은 3월 12일 목요일 보고서에서 AbbVie 주식에 대해 '매수(buy)' 의견을 재확인했습니다. UBS Group은 2월 5일 목요일 보고서에서 AbbVie의 목표주가를 240.00달러에서 230.00달러로 낮추고 회사에 대해 '중립(neutral)' 의견을 제시했습니다. William Blair는 3월 9일 월요일 리서치 보고서에서 AbbVie에 대한 '시장수익률 상회(outperform)' 의견을 재확인했습니다. Barclays는 2월 19일 목요일 보고서에서 AbbVie에 대한 커버리지를 개시하며 '비중확대(overweight)' 의견과 275.00달러의 목표주가를 제시했습니다. 마지막으로 Berenberg Bank는 1월 20일 화요일 리서치 보고서에서 AbbVie의 목표주가를 275.00달러로 제시했습니다. 리서치 애널리스트 2명은 이 종목에 강력매수 의견을, 14명은 매수 의견을, 9명은 보유 의견을 부여했습니다. MarketBeat.com에 따르면 AbbVie의 현재 컨센서스 투자의견은 '중간 매수(Moderate Buy)'이며, 평균 목표주가는 253.15달러입니다. 이번 주 AbbVie에 영향을 미치는 주요 뉴스는 다음과 같습니다. 다른 AbbVie 소식으로, EVP 퍼리 C. 시아티스(Perry C. Siatis)는 2월 25일 수요일 발생한 거래에서 회사 주식 22,381주를 매도했습니다. 주식은 평균 230.00달러에 매도되어 총 거래금액은 5,147,630.00달러였습니다. 매도 후 해당 수석부사장은 회사 주식 38,137주를 직접 보유했으며, 가치는 8,771,510달러였습니다. 이는 해당 주식 보유가 36.98% 감소한 것을 의미합니다. 이 매도는 SEC에 제출된 문서에 공시되었으며, 해당 링크에서 확인할 수 있습니다. 또한 SVP 데이비드 라이언 퍼듀(David Ryan Purdue)는 3월 4일 수요일 발생한 거래에서 회사 주식 5,230주를 매도했습니다. 주식은 평균 233.56달러에 매도되어 총 가치는 1,221,518.80달러였습니다. 매도 완료 후 수석부사장은 회사 주식 2,654주를 직접 보유했으며, 가치는 619,868.24달러였습니다. 이는 해당 주식 보유가 66.34% 감소한 거래입니다. 이 매도의 공시는 SEC 제출 서류에서 확인할 수 있습니다. 내부자는 회사 주식의 0.25%를 보유하고 있습니다. AbbVie는 2013년 Abbott Laboratories에서 분사해 설립된 글로벌 연구 중심 바이오제약 회사로, 일리노이주 노스 시카고에 본사를 두고 있습니다. 회사는 복잡하고 종종 만성적인 의료 상태를 위한 치료법을 발견, 개발 및 상업화하는 데 중점을 둡니다. 연구개발, 제조, 규제 업무 및 상업화를 아우르며, 여러 치료 영역에서 전문의약품을 시장에 출시하는 데 중점을 둡니다. AbbVie의 제품 포트폴리오와 파이프라인은 면역학, 종양학, 신경과학, 바이러스학, 여성 건강을 포함한 여러 주요 치료 범주를 포괄합니다. ABBV를 보유한 다른 헤지펀드가 어떤 곳인지 보고 싶으신가요? HoldingsChannel.com을 방문해 AbbVie Inc.(NYSE:ABBV - Free Report)의 최신 13F 제출 내역과 내부자 거래를 확인해 보세요. 이 즉시 뉴스 알림은 독자들에게 가장 빠른 보도와 편향 없는 커버리지를 제공하기 위해 MarketBeat의 내러티브 과학 기술과 금융 데이터로 생성되었습니다. 이 기사에 대한 질문이나 의견이 있으시면 contact@marketbeat.com으로 보내주시기 바랍니다. AbbVie를 고려하기 전에 이것도 들어보세요. MarketBeat는 월가의 최고 평가 애널리스트들과 그들이 고객에게 추천하는 종목들을 매일 추적합니다. MarketBeat는 더 넓은 시장이 알아차리기 전에 지금 고객에게 조용히 매수하라고 속삭이는 상위 애널리스트 추천 5개 종목을 찾아냈으며... AbbVie는 그 목록에 없었습니다. 현재 AbbVie는 애널리스트들 사이에서 중간 매수 평가를 받고 있지만, 최고 평가 애널리스트들은 이 5개 종목이 더 나은 매수 대상이라고 보고 있습니다. 링크를 클릭해 MarketBeat의 5G 투자 가이드와 어떤 5G 종목이 가장 유망한지 확인해 보세요. MarketBeat All Access에 가입하면 MarketBeat의 모든 리서치 도구를 이용할 수 있습니다. 345 N Reid Place, Suite 620, Sioux Falls, SD 57103 contact@marketbeat.com (844) 978-6257 © MarketBeat Media, LLC 2010-2026. All rights reserved. © 2026 공정가치 가격은 매분 업데이트되며 Massive가 제공합니다. 기타 시장 데이터는 최소 10분 지연되며 Barchart Solutions가 호스팅합니다. 정보는 '있는 그대로' 제공되며 거래 목적이나 조언이 아닌 정보 제공 목적으로만 사용되며, 지연이 있을 수 있습니다. 모든 거래소 지연 및 이용약관은 Barchart의 고지를 참조하십시오. 당사와 파트너는 귀하의 경험 향상을 돕기 위해 이 웹사이트 사용 정보와 관련 정보를 공유합니다. 자세한 내용이나 제외를 원하시면 아래의 Do Not Sell My Information 버튼을 클릭하십시오.",https://www.marketbeat.com/instant-alerts/filing-generate-investment-management-ltd-sells-49224-shares-of-abbvie-inc-abbv-2026-03-28/
4,ABBV,2026-03-28 10:20:20,여전히 엘리 릴리 주식을 매수할 만한 1가지 이유 - The Globe and Mail,"엘리 릴리는 업계 기준으로 볼 때 경쟁력 있는 마진을 자랑합니다. 여러 가지 이니셔티브가 이 부분을 개선하는 데 도움이 될 수 있습니다. 체중 감량 의약품 시장에서 선두를 달리고 있음에도 불구하고 Eli Lilly(NYSE: LLY)는 올해 부진한 흐름을 보이고 있으며, 현재까지 주가는 15% 하락했습니다. 일부 투자자들은 이 제약사가 결국 핵심 틈새시장에서 치열한 경쟁에 직면해 가격 결정력과 이익이 약화될 수 있다고 우려합니다. 그러나 엘리 릴리에는 깊은 파이프라인을 넘어 중기적으로도 좋은 성과를 내는 데 도움이 될 여러 강점이 있습니다. 향후 5년간 강한 수익률을 낼 수 있는 한 가지 이유를 살펴보겠습니다. AI가 세계 최초의 조 단위 부자를 만들까요? 저희 팀은 엔비디아와 인텔 모두가 필요로 하는 핵심 기술을 제공하는, '필수불가결한 독점'이라 불리는 잘 알려지지 않은 단 하나의 회사에 대한 보고서를 막 발표했습니다. 계속 읽기 » 2020년 이후 엘리 릴리의 매출총이익률과 영업이익률은 눈에 띄게 개선되었습니다. 2025년 4분기 기준 회사의 마진은 비슷한 규모의 동종업체들보다 높습니다. LLY 매출총이익률(분기) 데이터: YCharts 엘리 릴리는 비만 및 당뇨병 치료를 위한 Zepbound와 Mounjaro 같은 GLP-1 브랜드의 빠른 매출 성장 덕분에 수혜를 입었습니다. 그러나 그것이 전부는 아닐 수 있습니다. 마진 개선은 매출이 비용보다 훨씬 빠르게 증가하고 있음을 보여주며, 이는 엘리 릴리가 다른 요인들과 더불어 의약품을 더 효율적으로 생산하고 있음을 시사할 수 있습니다. 경영진의 발언도 이 이론을 뒷받침합니다. 최근 실적 발표에서 회사는 생산 비용 개선을 일부 요인으로 언급했습니다. 이제 엘리 릴리의 마진 확대에는 위협도 있습니다. 회사는 일부 제품에서 실현 가격이 낮아지면서 생산 비용 개선으로 인한 마진 확대 효과의 일부가 상쇄되었다고 밝혔습니다. 더 많은 비만 치료제가 시장에 진입함에 따라 이 부분은 더욱 어려워질 수 있습니다. 그러나 엘리 릴리가 중기적으로 비교적 높은 마진을 유지할 수 있는 이유도 있으며, 새로 출시할 수 있는 잠재적 최고 수준의 신약을 넘어서는 이유도 있습니다. 그중 두 가지를 소개합니다. 첫째, 엘리 릴리는 생산 능력 확대에 대규모로 투자하고 있습니다. 회사는 2020년 이후 550억 달러를 투자했습니다. 이러한 투자는 단기적으로 이익과 마진을 해칠 수 있지만, 결국 제조 능력을 높이고 비용을 낮춰 상당한 규모의 경제를 이끌어낼 가능성이 있습니다. 둘째, 인공지능(AI)에 대한 엘리 릴리의 투자도 즉각적이지는 않더라도 영향을 미칠 수 있습니다. 엘리 릴리는 엔비디아의 도움을 받아 제약 업계 최대 규모의 슈퍼컴퓨터를 구축했습니다. 회사의 목표에는 신약 발견 가속화, 임상시험의 효율적 설계 등이 포함됩니다. 실험실에서 새로운 화합물을 임상 단계로 옮기는 데 통상 드는 시간과 비용을 단 5%만 줄이더라도, 이는 사업 전반에 영향을 미쳐 비용을 낮추고 마진을 높이는 데 도움이 될 수 있습니다. 따라서 투자자들은 엘리 릴리의 AI 관련 행보를 주시해야 합니다. 한편, 강한 매출 및 이익 성장, 그리고 가장 빠르게 성장하는 치료 분야 중 하나에서 업계를 선도하는 제품군과 파이프라인은 이 주식을 매력적으로 만듭니다. Motley Fool Stock Advisor 애널리스트 팀은 최근 현재 매수해야 할 최고의 10개 종목이라고 생각하는 종목을 선정했는데… Eli Lilly는 그 목록에 포함되지 않았습니다. 선정된 10개 종목은 향후 수년간 엄청난 수익을 낼 수 있습니다. 2004년 12월 17일 넷플릭스가 이 목록에 올랐을 때를 떠올려 보십시오. 당시 추천 시점에 1,000달러를 투자했다면 지금 503,268달러가 되었을 것입니다!* 또는 2005년 4월 15일 엔비디아가 이 목록에 올랐을 때를 보십시오. 당시 추천 시점에 1,000달러를 투자했다면 지금 1,049,793달러가 되었을 것입니다!* 현재 Stock Advisor의 전체 평균 수익률은 898%로, S&P 500의 182%를 크게 웃도는 압도적인 성과입니다. Stock Advisor와 함께 이용할 수 있는 최신 상위 10개 목록을 놓치지 말고, 개인 투자자들이 개인 투자자들을 위해 만든 투자 커뮤니티에 참여해 보세요. Prosper Junior Bakiny는 Eli Lilly와 Nvidia의 지분을 보유하고 있습니다. Motley Fool은 Nvidia의 지분을 보유하고 있으며 Nvidia를 추천합니다. Motley Fool은 공시 정책을 가지고 있습니다. 모든 시장 데이터(새 탭에서 열림)는 Barchart Solutions가 제공합니다. Copyright © 2026. 정보는 '있는 그대로' 제공되며, 거래 목적이나 조언이 아닌 정보 제공 목적으로만 사용됩니다. 거래소 지연 및 이용약관은 면책 고지(새 탭에서 열림)를 참조하십시오.",https://www.theglobeandmail.com/investing/markets/stocks/ABBV/pressreleases/1020117/1-reason-eli-lilly-stock-is-still-a-buy/
5,ABBV,2026-03-28 09:17:51,"TABR Capital Management LLC, AbbVie Inc. $ABBV에 신규 포지션 취득 - MarketBeat","TABR Capital Management LLC는 SEC에 최근 제출한 서류에 따르면 4분기에 AbbVie Inc.(NYSE:ABBV - Free Report) 주식의 신규 포지션을 매입했습니다. 이 펀드는 약 1,085만 달러 상당의 회사 주식 47,486주를 매입했습니다. AbbVie는 TABR Capital Management LLC 투자 포트폴리오의 4.2%를 차지하며, 3번째로 큰 포지션입니다. 최근 다른 여러 헤지펀드들도 ABBV 주식을 매수하거나 매도했습니다. Norges Bank는 2분기에 약 42억 8,820만 달러 상당의 AbbVie 신규 지분을 취득했습니다. Wellington Management Group LLP는 3분기에 AbbVie 주식 보유를 457.4% 늘렸습니다. 현재 Wellington Management Group LLP는 지난 분기 8,646,424주를 추가 취득한 뒤 회사 주식 10,536,901주를 보유하고 있으며, 가치는 24억 3,971만 4,000달러입니다. DZ BANK AG Deutsche Zentral Genossenschafts Bank Frankfurt am Main은 2분기에 AbbVie 주식 보유를 169.3% 늘렸습니다. 현재 DZ BANK AG Deutsche Zentral Genossenschafts Bank Frankfurt am Main은 같은 기간 2,969,202주를 추가 취득한 뒤 회사 주식 4,722,893주를 보유하고 있으며, 가치는 8억 7,666만 2,000달러입니다. Raymond James Financial Inc.는 2분기에 AbbVie 주식 보유를 41.8% 늘렸습니다. 현재 Raymond James Financial Inc.는 같은 기간 2,753,312주를 추가 취득한 뒤 회사 주식 9,337,480주를 보유하고 있으며, 가치는 17억 3,322만 2,000달러입니다. 마지막으로 Amundi는 2분기에 AbbVie 보유량을 36.6% 늘렸습니다. 현재 Amundi는 지난 분기 2,435,372주를 추가 취득한 뒤 회사 주식 9,093,696주를 보유하고 있으며, 가치는 17억 3,462만 3,000달러입니다. 헤지펀드와 기타 기관투자자들은 회사 주식의 70.23%를 보유하고 있습니다. 다른 소식으로, SVP 데이비드 라이언 퍼듀(David Ryan Purdue)는 3월 4일 수요일 거래에서 주식 5,230주를 매도했습니다. 주식은 평균 233.56달러에 매도되어 총 거래금액은 1,221,518.80달러였습니다. 거래 후 수석부사장은 회사 주식 2,654주를 보유했으며, 가치는 약 619,868.24달러였습니다. 이 거래는 해당 주식 보유가 66.34% 감소한 것을 의미합니다. 매도는 SEC에 제출된 문서에 공시되어 있으며, 이 하이퍼링크를 통해 확인할 수 있습니다. 또한 EVP 퍼리 C. 시아티스(Perry C. Siatis)는 2월 25일 수요일 거래에서 AbbVie 주식 22,381주를 매도했습니다. 주식은 평균 230.00달러에 매도되어 총 가치는 5,147,630.00달러였습니다. 거래 완료 후 해당 수석부사장은 회사 주식 38,137주를 보유했으며, 가치는 8,771,510달러였습니다. 이는 해당 인사의 보유 지분이 36.98% 감소한 것입니다. 이 매도 공시는 SEC 제출 서류에서 확인할 수 있습니다. 회사 내부자는 회사 주식의 0.25%를 보유하고 있습니다. ABBV 주가는 금요일 209.46달러에 출발했습니다. 회사의 50일 단순이동평균은 221.96달러이며 200일 단순이동평균은 224.52달러입니다. 회사의 시가총액은 3,703억 7,000만 달러, PER은 88.76, PEG 비율은 0.73, 베타는 0.34입니다. AbbVie Inc.의 12개월 최저가는 164.39달러, 12개월 최고가는 244.81달러입니다. AbbVie(NYSE:ABBV - Get Free Report)는 마지막으로 2월 4일 수요일 분기 실적을 발표했습니다. 회사는 분기 EPS 2.71달러를 보고해 애널리스트 컨센서스 추정치 2.65달러를 0.06달러 상회했습니다. AbbVie의 순이익률은 6.91%였고 자기자본이익률은 마이너스 1,579.75%였습니다. 분기 매출은 163억 9,000만 달러로, 애널리스트 예상치 163억 9,000만 달러를 웃돌았습니다. 전년 동기 같은 기간 동안 회사는 EPS 2.16달러를 기록했습니다. 회사의 분기 매출은 전년 동기 대비 10.0% 증가했습니다. AbbVie는 2026 회계연도 가이던스를 EPS 14.370~14.570달러, 2026년 1분기 가이던스를 EPS 2.970~3.010달러로 제시했습니다. 평균적으로 리서치 애널리스트들은 AbbVie Inc.가 올해 EPS 12.31달러를 기록할 것으로 전망합니다. 회사는 또한 최근 분기 배당을 발표했으며, 이는 5월 15일 금요일에 지급될 예정입니다. 4월 15일 수요일 기준 주주명부에 오른 주주들은 주당 1.73달러의 배당금을 받게 됩니다. 이는 연환산 기준 6.92달러의 배당과 3.3%의 배당수익률에 해당합니다. 이 배당의 배당락일은 4월 15일 수요일입니다. AbbVie의 배당성향은 293.22%입니다. 최근 여러 증권사들이 ABBV에 대해 의견을 냈습니다. Evercore는 2월 4일 수요일 리서치 보고서에서 AbbVie 주식의 목표주가를 232.00달러에서 228.00달러로 낮추고 회사에 대해 '시장수익률 상회(outperform)' 의견을 제시했습니다. Barclays는 2월 19일 목요일 리서치 노트에서 AbbVie에 대한 커버리지를 시작하며 '비중확대(overweight)' 의견과 275.00달러의 목표주가를 제시했습니다. UBS Group은 2월 5일 목요일 리서치 보고서에서 AbbVie의 목표주가를 240.00달러에서 230.00달러로 낮추고 회사에 대해 '중립(neutral)' 의견을 제시했습니다. Piper Sandler는 2월 18일 수요일 리서치 노트에서 AbbVie의 목표주가를 289.00달러에서 299.00달러로 올리고 회사에 '비중확대(overweight)' 의견을 부여했습니다. 마지막으로 Berenberg Bank는 1월 20일 화요일 보고서에서 AbbVie의 목표주가를 275.00달러로 제시했습니다. 리서치 애널리스트 2명은 이 종목에 강력매수 의견을, 14명은 매수 의견을, 9명은 보유 의견을 부여했습니다. MarketBeat에 따르면 AbbVie의 현재 컨센서스 투자의견은 '중간 매수(Moderate Buy)'이며 평균 목표주가는 253.15달러입니다. 이번 주 AbbVie에 영향을 미치는 주요 뉴스는 다음과 같습니다. AbbVie는 2013년 Abbott Laboratories에서 분사해 설립된 글로벌 연구 중심 바이오제약 회사로, 일리노이주 노스 시카고에 본사를 두고 있습니다. 회사는 복잡하고 종종 만성적인 의료 상태를 위한 치료법을 발견, 개발 및 상업화하는 데 중점을 둡니다. 연구개발, 제조, 규제 업무 및 상업화를 아우르며, 여러 치료 영역에서 전문의약품을 시장에 출시하는 데 중점을 둡니다. AbbVie의 제품 포트폴리오와 파이프라인은 면역학, 종양학, 신경과학, 바이러스학, 여성 건강을 포함한 여러 주요 치료 범주를 포괄합니다. ABBV를 보유한 다른 헤지펀드가 어떤 곳인지 보고 싶으신가요? HoldingsChannel.com을 방문해 AbbVie Inc.(NYSE:ABBV - Free Report)의 최신 13F 제출 내역과 내부자 거래를 확인해 보세요. 이 즉시 뉴스 알림은 독자들에게 가장 빠른 보도와 편향 없는 커버리지를 제공하기 위해 MarketBeat의 내러티브 과학 기술과 금융 데이터로 생성되었습니다. 이 기사에 대한 질문이나 의견이 있으시면 contact@marketbeat.com으로 보내주시기 바랍니다. AbbVie를 고려하기 전에 이것도 들어보세요. MarketBeat는 월가의 최고 평가 애널리스트들과 그들이 고객에게 추천하는 종목들을 매일 추적합니다. MarketBeat는 더 넓은 시장이 알아차리기 전에 지금 고객에게 조용히 매수하라고 속삭이는 상위 애널리스트 추천 5개 종목을 찾아냈으며... AbbVie는 그 목록에 없었습니다. 현재 AbbVie는 애널리스트들 사이에서 중간 매수 평가를 받고 있지만, 최고 평가 애널리스트들은 이 5개 종목이 더 나은 매수 대상이라고 보고 있습니다. 링크를 클릭해 MarketBeat의 7개 종목 목록과 그 장기 전망이 왜 매우 유망한지 확인해 보세요. MarketBeat All Access에 가입하면 MarketBeat의 모든 리서치 도구를 이용할 수 있습니다. 345 N Reid Place, Suite 620, Sioux Falls, SD 57103 contact@marketbeat.com (844) 978-6257 © MarketBeat Media, LLC 2010-2026. All rights reserved. © 2026 공정가치 가격은 매분 업데이트되며 Massive가 제공합니다. 기타 시장 데이터는 최소 10분 지연되며 Barchart Solutions가 호스팅합니다. 정보는 '있는 그대로' 제공되며 거래 목적이나 조언이 아닌 정보 제공 목적으로만 사용되며, 지연이 있을 수 있습니다. 모든 거래소 지연 및 이용약관은 Barchart의 고지를 참조하십시오. 당사와 파트너는 귀하의 경험 향상을 돕기 위해 이 웹사이트 사용 정보와 관련 정보를 공유합니다. 자세한 내용이나 제외를 원하시면 아래의 Do Not Sell My Information 버튼을 클릭하십시오.",https://www.marketbeat.com/instant-alerts/filing-tabr-capital-management-llc-takes-position-in-abbvie-inc-abbv-2026-03-28/
6,ABBV,2026-03-28 08:39:27,"Exchange Traded Concepts LLC, AbbVie Inc. $ABBV 보유 비중 확대 - MarketBeat","Exchange Traded Concepts LLC는 최근 증권거래위원회(SEC)에 제출한 13F 보고서에 따르면 4분기에 AbbVie Inc. (NYSE:ABBV - Free Report) 주식 보유 비중을 150.9% 늘렸다. 이 펀드는 해당 기간 동안 62,803주를 추가 매수한 뒤 회사 주식 104,415주를 보유했다. Exchange Traded Concepts LLC의 AbbVie 보유 지분 가치는 최근 SEC 제출 자료 기준 23,858,000달러였다. 다른 여러 대형 투자자들도 회사에 대한 포지션을 변경했다. Norges Bank는 2분기에 AbbVie의 신규 지분을 약 4,288,200,000달러어치 취득했다. Wellington Management Group LLP는 3분기에 AbbVie 주식 보유량을 457.4% 늘렸다. Wellington Management Group LLP는 해당 기간 동안 8,646,424주를 추가 매수한 뒤 현재 회사 주식 10,536,901주를 보유하고 있으며, 가치는 2,439,714,000달러다. DZ BANK AG Deutsche Zentral Genossenschafts Bank Frankfurt am Main은 2분기에 AbbVie 주식 지분을 169.3% 확대했다. DZ BANK AG Deutsche Zentral Genossenschafts Bank Frankfurt am Main은 지난 분기 2,969,202주를 추가 매수한 뒤 현재 회사 주식 4,722,893주를 보유하고 있으며, 가치는 876,662,000달러다. Raymond James Financial Inc.는 2분기 동안 AbbVie 주식 보유량을 41.8% 늘렸다. Raymond James Financial Inc.는 해당 기간 동안 2,753,312주를 추가 매수한 뒤 현재 회사 주식 9,337,480주를 보유하고 있으며, 가치는 1,733,222,000달러다. 마지막으로 Amundi는 2분기 동안 AbbVie 주식 보유량을 36.6% 늘렸다. Amundi는 해당 기간 동안 2,435,372주를 추가 매수한 뒤 현재 회사 주식 9,093,696주를 보유하고 있으며, 가치는 1,734,623,000달러다. 주식의 70.23%는 헤지펀드 및 기타 기관투자자들이 보유하고 있다. NYSE ABBV는 금요일 209.46달러에 출발했다. 이 종목의 시가총액은 3,703억7,000만달러, 주가수익비율(PER)은 88.76, PEG 비율은 0.73, 베타는 0.34다. AbbVie Inc.의 52주 최저가는 164.39달러, 52주 최고가는 244.81달러다. 이 회사의 50일 이동평균 가격은 221.96달러, 200일 이동평균 가격은 224.52달러다. AbbVie (NYSE:ABBV - Get Free Report)는 지난 2월 4일 수요일 분기 실적을 발표했다. 회사는 분기 주당순이익(EPS) 2.71달러를 보고해 시장 예상치 2.65달러를 0.06달러 상회했다. AbbVie의 순이익률은 6.91%였고 자기자본이익률(ROE)은 마이너스 1,579.75%였다. 회사의 분기 매출은 166억2,000만달러로, 시장 예상치 163억9,000만달러를 웃돌았다. 전년 동기에는 주당순이익이 2.16달러였다. AbbVie의 분기 매출은 전년 동기 대비 10.0% 증가했다. AbbVie는 2026 회계연도 EPS 가이던스를 14.370~14.570달러, 2026년 1분기 EPS 가이던스를 2.970~3.010달러로 제시했다. 매도측 애널리스트들은 AbbVie Inc.가 현재 회계연도에 주당순이익 12.31달러를 기록할 것으로 예상한다. 회사는 또한 최근 분기 배당금을 선언했으며, 지급일은 5월 15일 금요일이다. 4월 15일 수요일 기준 주주명부에 오른 투자자들은 주당 1.73달러의 배당금을 받게 된다. 이는 연간 환산 배당금 6.92달러, 배당수익률 3.3%에 해당한다. 이 배당금의 ex-dividend date는 4월 15일 수요일이다. AbbVie의 배당성향은 293.22%다. 다른 AbbVie 관련 소식으로, SVP David Ryan Purdue는 3월 4일 수요일 거래에서 회사 주식 5,230주를 매도했다. 주당 평균 가격은 233.56달러였으며, 총 거래금액은 1,221,518.80달러였다. 거래 후 수석 부사장은 회사 주식 2,654주를 보유했으며, 가치는 619,868.24달러였다. 이번 거래는 보유 지분 66.34% 감소를 의미한다. 이 매도는 SEC에 제출된 보고서에 공시됐으며, SEC 웹사이트에서 확인할 수 있다. 또한 EVP Perry C. Siatis는 2월 25일 수요일 거래에서 회사 주식 22,381주를 매도했다. 주당 평균 가격은 230.00달러였고, 총 거래금액은 5,147,630.00달러였다. 거래 완료 후 수석 부사장은 회사 주식 38,137주를 직접 보유했으며, 가치는 약 8,771,510달러였다. 이는 주식 보유량 36.98% 감소에 해당한다. 이번 매도에 대한 추가 세부사항은 공식 SEC 공시에서 확인할 수 있다. 내부자는 회사 주식의 0.25%를 보유하고 있다. 이번 주 AbbVie에 영향을 미치는 주요 뉴스는 다음과 같다. 최근 여러 리서치 기관이 ABBV에 대해 의견을 냈다. Sanford C. Bernstein은 2월 5일 목요일 보고서에서 AbbVie 주식에 대한 '시장수익률 수준(market perform)' 의견을 재확인했다. Citigroup은 1월 27일 화요일 리서치 보고서에서 AbbVie 주식의 목표주가를 235.00달러에서 230.00달러로 낮추고 '중립(neutral)' 의견을 제시했다. William Blair는 3월 9일 월요일 리서치 노트에서 '시장수익률 상회(outperform)' 의견을 재차 제시했다. HSBC는 12월 10일 수요일 보고서에서 AbbVie 주식 투자등급을 '보유(hold)'에서 '매수(buy)'로 상향 조정하고 목표주가를 225.00달러에서 265.00달러로 올렸다. 마지막으로 Berenberg Bank는 1월 20일 화요일 리서치 보고서에서 AbbVie 주식에 275.00달러의 목표주가를 제시했다. 두 명의 리서치 애널리스트가 이 종목에 강력 매수(Strong Buy) 의견을, 14명이 매수(Buy) 의견을, 9명이 보유(Hold) 의견을 제시했다. MarketBeat.com에 따르면 회사의 합의 등급은 '중간 매수(Moderate Buy)'이며 평균 목표주가는 253.15달러다. AbbVie는 2013년 Abbott Laboratories에서 분사해 설립된 글로벌 연구 중심 바이오의약품 회사로, 일리노이주 노스시카고에 본사를 두고 있다. 이 회사는 복잡하고 종종 만성적인 의학적 질환에 대한 치료법을 발견·개발·상용화하는 데 주력한다. 연구개발, 제조, 규제 업무, 상업화를 아우르는 사업을 영위하며, 여러 치료 분야에서 특수의약품을 시장에 내놓는 데 중점을 둔다. AbbVie의 제품 포트폴리오와 파이프라인은 면역학, 종양학, 신경과학, 바이러스학, 여성 건강을 포함한 여러 주요 치료 영역을 포괄한다. 이 즉시 뉴스 알림은 독자들에게 가장 빠른 보도와 편향 없는 보도를 제공하기 위해 narrative science 기술과 MarketBeat의 금융 데이터를 바탕으로 생성됐다. 이 기사에 관한 질문이나 의견은 contact@marketbeat.com으로 보내주기 바란다. AbbVie를 고려하기 전에 이 내용을 먼저 들어보라. MarketBeat는 월가의 최고 평가 및 최고 성과 리서치 애널리스트들과 그들이 고객에게 추천하는 종목을 매일 추적한다. MarketBeat는 상위 애널리스트들이 고객에게 지금 조용히 매수하라고 속삭이는 다섯 종목을 찾아냈으며, AbbVie는 그 목록에 없었다. 현재 AbbVie는 애널리스트들 사이에서 중간 매수(Moderate Buy) 등급을 받고 있지만, 최고 평가 애널리스트들은 이 다섯 종목이 더 나은 매수처라고 보고 있다. Meta, Roblox, Unity에 투자할 생각인가? 투자하기 전에 메타버스와 공개시장에 대해 거리의 투자자들이 알아야 할 내용을 보려면 링크를 클릭하라. MarketBeat All Access에 가입해 MarketBeat의 전체 리서치 도구 모음에 접근할 수 있다. 345 N Reid Place, Suite 620, Sioux Falls, SD 57103 contact@marketbeat.com (844) 978-6257 © MarketBeat Media, LLC 2010-2026. All rights reserved. © 2026 공정시장가치는 매분 업데이트되며 Massive에서 제공된다. 기타 시장 데이터는 최소 10분 지연되며 Barchart Solutions에서 호스팅된다. 정보는 '있는 그대로' 제공되며, 거래 목적이나 조언이 아닌 정보 제공 목적에 한해 제공되고 지연될 수 있다. 모든 거래소 지연 및 이용 약관은 Barchart의 면책조항을 참조하라. 당사와 파트너는 귀하의 경험 개선을 돕기 위해 이 웹사이트 사용 정보에 대해 공유한다. 자세한 정보나 제외를 원하면 아래의 내 정보 판매 금지 버튼을 클릭하라.",https://www.marketbeat.com/instant-alerts/filing-exchange-traded-concepts-llc-increases-stock-position-in-abbvie-inc-abbv-2026-03-28/
7,ABBV,2026-03-28 07:30:39,"Capital Investment Advisors LLC, AbbVie Inc. $ABBV 주식 매수 - MarketBeat","Capital Investment Advisors LLC는 최근 SEC에 제출한 공시에 따르면 4분기에 AbbVie Inc. (NYSE:ABBV - Free Report) 주식 보유량을 2.3% 늘렸다. 이 기관투자자는 분기 중 7,114주를 추가 매수한 뒤 회사 주식 313,064주를 보유했다. AbbVie는 Capital Investment Advisors LLC 투자 포트폴리오의 약 1.1%를 차지하며, 전체 보유 종목 중 24번째로 큰 비중이다. Capital Investment Advisors LLC의 AbbVie 보유 지분 가치는 최근 분기 말 기준 71,532,000달러였다. 다른 여러 헤지펀드와 기관투자자들도 최근 ABBV 주식을 사고팔았다. Evolution Wealth Management Inc.는 2분기에 AbbVie의 신규 포지션을 26,000달러어치 취득했다. Chelsea Counsel Co.는 3분기에 AbbVie 주식의 신규 지분을 약 26,000달러어치 매수했다. Texas Capital Bancshares Inc TX는 3분기에 AbbVie 주식의 신규 포지션을 약 31,000달러어치 취득했다. Caitlin John LLC는 3분기에 AbbVie 주식의 신규 포지션을 33,000달러어치 취득했다. 마지막으로 Delos Wealth Advisors LLC는 2분기에 AbbVie의 신규 지분을 약 39,000달러어치 취득했다. 주식의 70.23%는 기관투자자와 헤지펀드가 보유하고 있다. 다른 AbbVie 뉴스로, EVP Perry C. Siatis는 2월 25일 수요일 거래에서 회사 주식 22,381주를 매도했다. 주당 평균 가격은 230.00달러였고, 총 거래금액은 5,147,630.00달러였다. 매도 완료 후 수석 부사장은 회사 주식 38,137주를 직접 보유했으며, 가치는 약 8,771,510달러였다. 이번 거래는 주식 보유량 36.98% 감소를 의미한다. 해당 거래는 SEC에 제출된 문서에 공시됐으며, 이 링크를 통해 확인할 수 있다. 또한 SVP David Ryan Purdue는 3월 4일 수요일 발생한 거래에서 회사 주식 5,230주를 매도했다. 주당 평균 가격은 233.56달러였고, 총 거래금액은 1,221,518.80달러였다. 매도 후 수석 부사장은 회사 주식 2,654주를 보유했으며, 가치는 약 619,868.24달러였다. 이는 보유 지분 66.34% 감소를 의미한다. 이번 매도에 대한 SEC 공시에는 추가 정보가 제공된다. 내부자는 회사 주식의 0.25%를 보유하고 있다. 이번 주 AbbVie에 영향을 미치는 주요 뉴스는 다음과 같다. ABBV는 최근 여러 애널리스트 보고서의 주제가 됐다. Citigroup은 1월 27일 화요일 보고서에서 AbbVie 주식의 목표주가를 235.00달러에서 230.00달러로 낮추고 해당 종목에 '중립(neutral)' 의견을 제시했다. The Goldman Sachs Group은 1월 28일 수요일 리서치 보고서에서 '중립(neutral)' 의견을 재확인하고 AbbVie 주식에 223.00달러의 목표주가를 제시했다. Piper Sandler는 2월 18일 수요일 리서치 노트에서 AbbVie의 목표주가를 289.00달러에서 299.00달러로 상향 조정하고 해당 종목에 '비중확대(overweight)' 의견을 제시했다. Royal Bank Of Canada는 2월 24일 화요일 리서치 보고서에서 AbbVie 주식에 대한 커버리지를 개시하며 '시장수익률 상회(outperform)' 의견과 260.00달러의 목표주가를 제시했다. 마지막으로 UBS Group은 2월 5일 목요일 리서치 노트에서 AbbVie의 목표주가를 240.00달러에서 230.00달러로 낮추고 회사에 '중립(neutral)' 의견을 제시했다. 두 명의 주식 리서치 애널리스트가 이 종목에 강력 매수(Strong Buy) 의견을, 14명이 매수(Buy) 의견을, 9명이 보유(Hold) 의견을 제시했다. MarketBeat.com의 데이터에 따르면 현재 이 종목의 합의 등급은 '중간 매수(Moderate Buy)'이며 평균 목표주가는 253.15달러다. AbbVie 주식은 금요일 209.46달러에 출발했다. AbbVie Inc.의 52주 최저가는 164.39달러, 52주 최고가는 244.81달러다. 회사의 50일 이동평균은 221.96달러, 200일 이동평균은 224.52달러다. 이 회사의 시가총액은 3,703억7,000만달러, PER은 88.76, PEG 비율은 0.73, 베타는 0.34다. AbbVie (NYSE:ABBV - Get Free Report)는 지난 2월 4일 수요일 분기 실적을 발표했다. 회사는 분기 EPS 2.71달러를 보고해 애널리스트 컨센서스 2.65달러를 0.06달러 상회했다. AbbVie의 순이익률은 6.91%였고 자기자본이익률은 마이너스 1,579.75%였다. 해당 분기 매출은 166억2,000만달러로, 애널리스트 예상치 163억9,000만달러를 웃돌았다. 전년 동기 같은 분기에는 EPS 2.16달러를 기록했다. 회사의 분기 매출은 전년 동기 대비 10.0% 증가했다. AbbVie는 2026 회계연도 EPS 가이던스를 14.370~14.570달러, 2026년 1분기 EPS 가이던스를 2.970~3.010달러로 제시했다. 애널리스트들은 AbbVie Inc.가 올해 주당순이익 12.31달러를 기록할 것으로 예상한다. 회사는 또한 최근 분기 배당을 발표했으며, 지급일은 5월 15일 금요일이다. 4월 15일 수요일 기준 주주들에게 주당 1.73달러의 배당금이 지급된다. 이는 연간 환산 배당금 6.92달러와 배당수익률 3.3%에 해당한다. 이 배당의 ex-dividend date는 4월 15일 수요일이다. AbbVie의 현재 배당성향은 293.22%다. AbbVie는 2013년 Abbott Laboratories에서 분사해 설립된 글로벌 연구 중심 바이오의약품 회사로, 일리노이주 노스시카고에 본사를 두고 있다. 이 회사는 복잡하고 종종 만성적인 의료 질환에 대한 치료법을 발굴·개발·상용화하는 데 집중한다. 연구개발, 제조, 규제 업무, 상업화 전반에 걸쳐 사업을 운영하며, 여러 치료 영역에서 특수의약품을 시장에 내놓는 데 중점을 둔다. AbbVie의 제품 포트폴리오와 파이프라인은 면역학, 종양학, 신경과학, 바이러스학, 여성 건강을 포함한 여러 주요 치료 분야를 포괄한다. 이 즉시 뉴스 알림은 독자들에게 가장 빠른 보도와 편향 없는 보도를 제공하기 위해 narrative science 기술과 MarketBeat의 금융 데이터를 바탕으로 생성됐다. 이 기사에 관한 질문이나 의견은 contact@marketbeat.com으로 보내주기 바란다. AbbVie를 고려하기 전에 이 내용을 먼저 들어보라. MarketBeat는 월가의 최고 평가 및 최고 성과 리서치 애널리스트들과 그들이 고객에게 추천하는 종목을 매일 추적한다. MarketBeat는 상위 애널리스트들이 고객에게 지금 조용히 매수하라고 속삭이는 다섯 종목을 찾아냈으며, AbbVie는 그 목록에 없었다. 현재 AbbVie는 애널리스트들 사이에서 중간 매수(Moderate Buy) 등급을 받고 있지만, 최고 평가 애널리스트들은 이 다섯 종목이 더 나은 매수처라고 보고 있다. 원자력 에너지는 증가하는 전력 수요, 확장되는 데이터센터, 그리고 재도입된 정책 지원으로 새로운 성장 사이클에 진입하고 있다. 최근 몇 년간 강한 상승세를 보인 뒤에도, 원자력 투자에서 가장 영향력 있는 단계는 아직 앞에 남아 있을 수 있다. 이 보고서는 가치사슬 전반에 걸쳐 배치된 7개의 원자력 에너지 종목을 조명하며, 차세대 기술이 확장됨에 따라 단기 매출과 장기 상승 여력을 함께 제시한다. 전체 목록을 확인하려면 아래 링크를 클릭하라. MarketBeat All Access에 가입해 MarketBeat의 전체 리서치 도구 모음에 접근할 수 있다. 345 N Reid Place, Suite 620, Sioux Falls, SD 57103 contact@marketbeat.com (844) 978-6257 © MarketBeat Media, LLC 2010-2026. All rights reserved. © 2026 공정시장가치는 매분 업데이트되며 Massive에서 제공된다. 기타 시장 데이터는 최소 10분 지연되며 Barchart Solutions에서 호스팅된다. 정보는 '있는 그대로' 제공되며, 거래 목적이나 조언이 아닌 정보 제공 목적에 한해 제공되고 지연될 수 있다. 모든 거래소 지연 및 이용 약관은 Barchart의 면책조항을 참조하라. 당사와 파트너는 귀하의 경험 개선을 돕기 위해 이 웹사이트 사용 정보에 대해 공유한다. 자세한 정보나 제외를 원하면 아래의 내 정보 판매 금지 버튼을 클릭하라.",https://www.marketbeat.com/instant-alerts/filing-abbvie-inc-abbv-shares-bought-by-capital-investment-advisors-llc-2026-03-28/
8,ABBV,2026-03-27 12:10:23,"World Investment Advisors, AbbVie Inc. $ABBV 포지션 확대 - MarketBeat","World Investment Advisors는 최근 SEC에 제출한 Form 13F에 따르면 4분기에 AbbVie Inc. (NYSE:ABBV - Free Report) 보유 지분을 12.0% 확대했다. 이 펀드는 해당 기간 동안 13,698주를 추가 매수한 뒤 회사 주식 127,623주를 보유했다. World Investment Advisors의 AbbVie 보유 지분 가치는 최근 보고 기간 말 기준 29,161,000달러였다. 다른 헤지펀드들도 최근 회사 주식을 사고팔았다. Evolution Wealth Management Inc.는 2분기에 AbbVie 주식의 신규 포지션을 약 26,000달러어치 매수했다. Chelsea Counsel Co.는 3분기에 AbbVie 주식의 신규 지분을 26,000달러어치 매수했다. Litman Gregory Wealth Management LLC는 4분기에 AbbVie의 신규 지분을 28,000달러어치 취득했다. Westend Capital Management LLC는 4분기에 AbbVie의 신규 포지션을 29,000달러어치 매수했다. 마지막으로 Imprint Wealth LLC는 4분기에 AbbVie 보유량을 56.3% 늘렸다. Imprint Wealth LLC는 지난 분기 45주를 추가 취득한 뒤 현재 회사 주식 125주를 보유하고 있으며, 가치는 29,000달러다. 기관투자자와 헤지펀드는 회사 주식의 70.23%를 보유하고 있다. 여러 주식 리서치 애널리스트들도 최근 이 종목에 대한 의견을 내놨다. The Goldman Sachs Group은 1월 28일 수요일 리서치 보고서에서 '중립(neutral)' 의견을 재차 제시하고 AbbVie 주식에 223.00달러의 목표주가를 부여했다. UBS Group은 2월 5일 목요일 리서치 보고서에서 AbbVie 주식의 목표주가를 240.00달러에서 230.00달러로 낮추고 '중립(neutral)' 의견을 제시했다. BMO Capital Markets는 3월 9일 월요일 리서치 노트에서 AbbVie 주식에 대해 '시장수익률 상회(outperform)' 의견을 재확인했다. Citigroup은 1월 27일 화요일 보고서에서 AbbVie의 목표주가를 235.00달러에서 230.00달러로 낮추고 회사에 '중립(neutral)' 의견을 제시했다. 마지막으로 Sanford C. Bernstein은 2월 5일 목요일 보고서에서 AbbVie 주식에 대한 '시장수익률 수준(market perform)' 의견을 재확인했다. 두 명의 주식 리서치 애널리스트가 이 종목에 강력 매수(Strong Buy) 의견을, 14명이 매수(Buy) 의견을, 9명이 보유(Hold) 의견을 제시했다. MarketBeat의 데이터에 따르면 현재 회사의 합의 등급은 '중간 매수(Moderate Buy)'이며 평균 목표주가는 253.15달러다. 관련 뉴스로, SVP David Ryan Purdue는 3월 4일 수요일 거래에서 회사 주식 5,230주를 매도했다. 이 주식은 주당 평균 233.56달러에 매도됐으며, 총 거래금액은 1,221,518.80달러였다. 거래 완료 후 수석 부사장은 회사 주식 2,654주를 직접 보유했으며, 가치는 619,868.24달러였다. 이번 거래는 보유 지분 66.34% 감소를 의미한다. 해당 매도는 SEC에 제출된 문서에 공시됐으며, SEC 웹사이트를 통해 접근할 수 있다. 또한 EVP Perry C. Siatis는 2월 25일 수요일 거래에서 회사 주식 22,381주를 매도했다. 이 주식은 주당 평균 230.00달러에 매도됐으며, 총 거래금액은 5,147,630.00달러였다. 거래 완료 후 수석 부사장은 회사 주식 38,137주를 직접 보유했으며, 가치는 8,771,510달러였다. 이는 주식 보유량 36.98% 감소를 의미한다. 이번 매도에 대한 공시는 SEC 신고서에서 확인할 수 있다. 회사 내부자는 주식의 0.25%를 보유하고 있다. AbbVie 주식은 금요일 211.12달러에 출발했다. 이 회사의 50일 단순이동평균은 222.06달러, 200일 단순이동평균은 224.53달러다. AbbVie Inc.의 1년 최저가는 164.39달러, 1년 최고가는 244.81달러다. 이 종목의 시가총액은 3,732억9,000만달러, PER은 89.46, PEG 비율은 0.72, 베타는 0.34다. AbbVie (NYSE:ABBV - Get Free Report)는 지난 2월 4일 수요일 분기 실적을 발표했다. 회사는 분기 EPS 2.71달러를 보고해 애널리스트 컨센서스 2.65달러를 0.06달러 상회했다. 회사의 매출은 166억2,000만달러로, 애널리스트 예상치 163억9,000만달러를 웃돌았다. AbbVie의 자기자본이익률은 마이너스 1,579.75%였고 순이익률은 6.91%였다. 회사의 매출은 전년 동기 대비 10.0% 증가했다. 전년 같은 분기에는 주당순이익이 2.16달러였다. AbbVie는 2026 회계연도 EPS 가이던스를 14.370~14.570달러, 2026년 1분기 EPS 가이던스를 2.970~3.010달러로 제시했다. 애널리스트들은 AbbVie Inc.가 올해 주당순이익 12.31달러를 기록할 것으로 예상한다. 회사는 또한 최근 분기 배당을 발표했으며, 지급일은 5월 15일 금요일이다. 4월 15일 수요일 기준 주주들에게 주당 1.73달러의 배당금이 지급된다. 이는 연간 환산 배당금 6.92달러와 배당수익률 3.3%에 해당한다. 이 배당의 ex-dividend date는 4월 15일 수요일이다. AbbVie의 배당성향은 현재 293.22%다. 이번 주 AbbVie에 영향을 미치는 주요 뉴스는 다음과 같다. AbbVie는 2013년 Abbott Laboratories에서 분사해 설립된 글로벌 연구 중심 바이오의약품 회사로, 일리노이주 노스시카고에 본사를 두고 있다. 이 회사는 복잡하고 종종 만성적인 의료 질환에 대한 치료법을 발견·개발·상용화하는 데 주력한다. 연구개발, 제조, 규제 업무, 상업화를 아우르는 사업을 운영하며, 여러 치료 영역에서 특수의약품을 시장에 내놓는 데 중점을 둔다. AbbVie의 제품 포트폴리오와 파이프라인은 면역학, 종양학, 신경과학, 바이러스학, 여성 건강을 포함한 여러 주요 치료 분야를 포괄한다. AbbV에서 보유 중인 다른 헤지펀드가 궁금하신가요? HoldingsChannel.com을 방문하면 AbbVie Inc. (NYSE:ABBV - Free Report)의 최신 13F 제출 내역과 내부자 거래를 확인할 수 있다. 이 즉시 뉴스 알림은 독자들에게 가장 빠른 보도와 편향 없는 보도를 제공하기 위해 narrative science 기술과 MarketBeat의 금융 데이터를 바탕으로 생성됐다. 이 기사에 관한 질문이나 의견은 contact@marketbeat.com으로 보내주기 바란다. AbbVie를 고려하기 전에 이 내용을 먼저 들어보라. MarketBeat는 월가의 최고 평가 및 최고 성과 리서치 애널리스트들과 그들이 고객에게 추천하는 종목을 매일 추적한다. MarketBeat는 상위 애널리스트들이 고객에게 지금 조용히 매수하라고 속삭이는 다섯 종목을 찾아냈으며, AbbVie는 그 목록에 없었다. 현재 AbbVie는 애널리스트들 사이에서 중간 매수(Moderate Buy) 등급을 받고 있지만, 최고 평가 애널리스트들은 이 다섯 종목이 더 나은 매수처라고 보고 있다. 금의 시대를 초월한 가치를 독점 2026 금 가격 전망 보고서로 확인하라. 금이 인플레이션, 경제 변화, 글로벌 불확실성에 맞서 자산을 보호하는 궁극의 투자처로 남아 있는 이유를 살펴보라. 미래 세대를 계획하든 불안정한 시기에 신뢰할 수 있는 자산을 찾고 있든, 이 보고서는 정보에 입각한 결정을 내리는 데 필수적인 가이드다. MarketBeat All Access에 가입해 MarketBeat의 전체 리서치 도구 모음에 접근할 수 있다. 345 N Reid Place, Suite 620, Sioux Falls, SD 57103 contact@marketbeat.com (844) 978-6257 © MarketBeat Media, LLC 2010-2026. All rights reserved. © 2026 공정시장가치는 매분 업데이트되며 Massive에서 제공된다. 기타 시장 데이터는 최소 10분 지연되며 Barchart Solutions에서 호스팅된다. 정보는 '있는 그대로' 제공되며, 거래 목적이나 조언이 아닌 정보 제공 목적에 한해 제공되고 지연될 수 있다. 모든 거래소 지연 및 이용 약관은 Barchart의 면책조항을 참조하라. 당사와 파트너는 귀하의 경험 개선을 돕기 위해 이 웹사이트 사용 정보에 대해 공유한다. 자세한 정보나 제외를 원하면 아래의 내 정보 판매 금지 버튼을 클릭하라.",https://www.marketbeat.com/instant-alerts/filing-world-investment-advisors-increases-position-in-abbvie-inc-abbv-2026-03-27/
9,ABBV,2026-03-27 11:21:52,"Global X Japan Co. Ltd., AbbVie Inc. $ABBV 주식 보유 확대 - MarketBeat","Global X Japan Co. Ltd.는 최근 SEC와 증권거래위원회에 제출한 최신 13F 공시에 따르면 4분기 동안 AbbVie Inc. (NYSE:ABBV - Free Report) 보유량을 294.6% 늘렸다. 이 기관투자자는 분기 중 75,595주를 추가 취득한 뒤 회사 주식 101,259주를 보유했다. AbbVie는 Global X Japan Co. Ltd. 보유 자산의 약 1.8%를 차지하며, 전체 보유 종목 중 17번째로 큰 비중이다. Global X Japan Co. Ltd.의 AbbVie 보유 지분 가치는 최근 분기 말 기준 23,137,000달러였다. 다른 기관투자자와 헤지펀드들도 회사 보유량을 조정했다. Brighton Jones LLC는 4분기 동안 AbbVie 지분을 17.4% 늘렸다. Brighton Jones LLC는 해당 기간 동안 3,401주를 추가 취득한 뒤 현재 회사 주식 22,912주를 보유하고 있으며, 가치는 4,072,000달러다. Revolve Wealth Partners LLC는 4분기에 AbbVie 주식 보유량을 72.7% 늘렸다. Revolve Wealth Partners LLC는 해당 기간 동안 3,064주를 추가 취득한 뒤 현재 회사 주식 7,279주를 보유하고 있으며, 가치는 1,294,000달러다. Schnieders Capital Management LLC.는 2분기에 AbbVie 주식 보유량을 5.0% 늘렸다. Schnieders Capital Management LLC.는 해당 기간 동안 789주를 추가 취득한 뒤 현재 회사 주식 16,466주를 보유하고 있으며, 가치는 3,056,000달러다. Richmond Investment Services LLC는 2분기에 AbbVie 주식의 신규 포지션을 약 283,000달러어치 매수했다. 마지막으로 Maia Wealth LLC는 2분기에 AbbVie 보유량을 2.2% 늘렸다. Maia Wealth LLC는 지난 분기 67주를 추가 매수한 뒤 현재 회사 주식 3,113주를 보유하고 있으며, 가치는 578,000달러다. 기관투자자는 회사 주식의 70.23%를 보유하고 있다. ABBV 주식은 금요일 211.12달러에 출발했다. AbbVie Inc.의 12개월 최저가는 164.39달러, 12개월 최고가는 244.81달러다. 이 종목의 시가총액은 3,732억9,000만달러, PER은 89.46, PEG 비율은 0.72, 베타는 0.34다. 회사의 50일 단순이동평균은 222.06달러, 200일 단순이동평균은 224.53달러다. AbbVie (NYSE:ABBV - Get Free Report)는 지난 2월 4일 수요일 분기 실적을 발표했다. 회사는 분기 주당순이익 2.71달러를 보고해 시장 예상치 2.65달러를 0.06달러 상회했다. AbbVie의 순이익률은 6.91%였고 자기자본이익률은 마이너스 1,579.75%였다. 해당 분기 매출은 166억2,000만달러로, 애널리스트 예상치 163억9,000만달러를 웃돌았다. 전년 동기 같은 분기에는 회사가 EPS 2.16달러를 기록했다. 회사의 매출은 전년 동기 대비 10.0% 증가했다. AbbVie는 2026 회계연도 EPS 가이던스를 14.370~14.570달러, 2026년 1분기 EPS 가이던스를 2.970~3.010달러로 제시했다. 애널리스트들은 AbbVie Inc.가 올해 주당순이익 12.31달러를 기록할 것으로 전망한다. 회사는 또한 최근 분기 배당을 선언했으며, 지급일은 5월 15일 금요일이다. 4월 15일 수요일 기준 주주들에게 주당 1.73달러의 배당금이 지급된다. 이는 연간 환산 배당금 6.92달러와 배당수익률 3.3%에 해당한다. 이 배당의 ex-dividend date는 4월 15일 수요일이다. AbbVie의 배당성향은 현재 293.22%다. 다른 소식으로, SVP David Ryan Purdue는 3월 4일 수요일 거래에서 AbbVie 주식 5,230주를 매도했다. 이 주식은 주당 평균 233.56달러에 매도됐으며, 총 거래금액은 1,221,518.80달러였다. 거래 후 수석 부사장은 회사 주식 2,654주를 직접 보유했으며, 가치는 619,868.24달러였다. 이번 거래는 보유 지분 66.34% 감소를 의미한다. 해당 거래는 SEC와 증권거래위원회에 제출된 공시에서 확인할 수 있으며, 이 링크를 통해 접근할 수 있다. 또한 EVP Perry C. Siatis는 2월 25일 수요일 거래에서 회사 주식 22,381주를 매도했다. 이 주식은 주당 평균 230.00달러에 매도됐으며, 총 거래금액은 5,147,630.00달러였다. 거래 후 수석 부사장은 회사 주식 38,137주를 보유했으며, 가치는 약 8,771,510달러였다. 이는 주식 보유량 36.98% 감소를 의미한다. 이번 매도에 대한 SEC 공시는 추가 정보를 제공한다. 회사 내부자는 주식의 0.25%를 보유하고 있다. 여러 중개업체도 최근 ABBV에 대한 보고서를 발표했다. BMO Capital Markets는 3월 9일 월요일 보고서에서 AbbVie 주식에 대한 '시장수익률 상회(outperform)' 의견을 재확인했다. HSBC는 12월 10일 수요일 리서치 노트에서 AbbVie를 '보유(hold)'에서 '매수(buy)'로 상향 조정하고 목표주가를 225.00달러에서 265.00달러로 높였다. Guggenheim은 3월 12일 목요일 보고서에서 AbbVie 주식에 대해 '매수(buy)' 의견을 재차 제시했다. Sanford C. Bernstein은 2월 5일 목요일 리서치 노트에서 AbbVie 주식에 대한 '시장수익률 수준(market perform)' 의견을 재확인했다. 마지막으로 Morgan Stanley는 2월 5일 목요일 보고서에서 AbbVie의 목표주가를 269.00달러에서 270.00달러로 올리고 해당 종목에 '비중확대(overweight)' 의견을 제시했다. 두 명의 리서치 애널리스트가 이 종목에 강력 매수(Strong Buy) 의견을, 14명이 매수(Buy) 의견을, 9명이 보유(Hold) 의견을 제시했다. MarketBeat.com의 데이터에 따르면 현재 회사의 합의 등급은 '중간 매수(Moderate Buy)'이며 평균 목표주가는 253.15달러다. 이번 주 AbbVie에 영향을 미치는 주요 뉴스는 다음과 같다. AbbVie는 2013년 Abbott Laboratories에서 분사해 설립된 글로벌 연구 중심 바이오의약품 회사로, 일리노이주 노스시카고에 본사를 두고 있다. 이 회사는 복잡하고 종종 만성적인 의료 질환에 대한 치료법을 발굴·개발·상용화하는 데 주력한다. 연구개발, 제조, 규제 업무, 상업화를 아우르는 사업을 운영하며, 여러 치료 영역에서 특수의약품을 시장에 내놓는 데 중점을 둔다. AbbVie의 제품 포트폴리오와 파이프라인은 면역학, 종양학, 신경과학, 바이러스학, 여성 건강을 포함한 여러 주요 치료 분야를 포괄한다. 이 즉시 뉴스 알림은 독자들에게 가장 빠른 보도와 편향 없는 보도를 제공하기 위해 narrative science 기술과 MarketBeat의 금융 데이터를 바탕으로 생성됐다. 이 기사에 관한 질문이나 의견은 contact@marketbeat.com으로 보내주기 바란다. AbbVie를 고려하기 전에 이 내용을 먼저 들어보라. MarketBeat는 월가의 최고 평가 및 최고 성과 리서치 애널리스트들과 그들이 고객에게 추천하는 종목을 매일 추적한다. MarketBeat는 상위 애널리스트들이 고객에게 지금 조용히 매수하라고 속삭이는 다섯 종목을 찾아냈으며, AbbVie는 그 목록에 없었다. 현재 AbbVie는 애널리스트들 사이에서 중간 매수(Moderate Buy) 등급을 받고 있지만, 최고 평가 애널리스트들은 이 다섯 종목이 더 나은 매수처라고 보고 있다. 아직 모두가 알기 전에 다음 FAANG 종목을 찾고 계신가요? MarketBeat 애널리스트들이 차세대 1조 달러 기술 기업이 될 수 있다고 생각하는 종목을 보려면 링크를 클릭하라. MarketBeat All Access에 가입해 MarketBeat의 전체 리서치 도구 모음에 접근할 수 있다. 345 N Reid Place, Suite 620, Sioux Falls, SD 57103 contact@marketbeat.com (844) 978-6257 © MarketBeat Media, LLC 2010-2026. All rights reserved. © 2026 공정시장가치는 매분 업데이트되며 Massive에서 제공된다. 기타 시장 데이터는 최소 10분 지연되며 Barchart Solutions에서 호스팅된다. 정보는 '있는 그대로' 제공되며, 거래 목적이나 조언이 아닌 정보 제공 목적에 한해 제공되고 지연될 수 있다. 모든 거래소 지연 및 이용 약관은 Barchart의 면책조항을 참조하라. 당사와 파트너는 귀하의 경험 개선을 돕기 위해 이 웹사이트 사용 정보에 대해 공유한다. 자세한 정보나 제외를 원하면 아래의 내 정보 판매 금지 버튼을 클릭하라.",https://www.marketbeat.com/instant-alerts/filing-global-x-japan-co-ltd-increases-stock-position-in-abbvie-inc-abbv-2026-03-27/
10,ABBV,2026-03-27 11:15:55,"Synergy Asset Management LLC, AbbVie Inc. $ABBV 10,070주 매도 - MarketBeat","Synergy Asset Management LLC는 최근 SEC와 증권거래위원회에 제출한 공시에 따르면 4분기에 AbbVie Inc. (NYSE:ABBV - Free Report) 보유량을 9.1% 축소했다. 이 펀드는 해당 기간 동안 10,070주를 매도한 뒤 회사 주식 100,679주를 보유했다. AbbVie는 Synergy Asset Management LLC 포트폴리오의 2.4%를 차지하며, 전체 보유 종목 중 12번째로 큰 비중이다. Synergy Asset Management LLC의 AbbVie 보유 지분 가치는 최근 SEC 제출 자료 기준 23,004,000달러였다. 다른 여러 기관투자자와 헤지펀드들도 이 종목에 대한 지분을 늘리거나 줄였다. LongView Wealth Management는 4분기 동안 AbbVie 보유량을 23.1% 늘렸다. LongView Wealth Management는 지난 분기 1,474주를 추가 취득한 뒤 현재 회사 주식 7,863주를 보유하고 있으며, 가치는 1,730,000달러다. Parsons Capital Management Inc. RI는 4분기 동안 AbbVie 주식 보유량을 2.5% 늘렸다. Parsons Capital Management Inc. RI는 지난 분기 2,071주를 추가 매수한 뒤 현재 회사 주식 85,891주를 보유하고 있으며, 가치는 19,625,000달러다. Kathmere Capital Management LLC는 4분기 동안 AbbVie 주식 보유량을 8.6% 늘렸다. Kathmere Capital Management LLC는 지난 분기 351주를 추가 매수한 뒤 현재 회사 주식 4,417주를 보유하고 있으며, 가치는 1,009,000달러다. Norden Group LLC는 4분기 동안 AbbVie 주식 지분을 2.7% 늘렸다. Norden Group LLC는 지난 분기 501주를 추가 매수한 뒤 현재 회사 주식 19,397주를 보유하고 있으며, 가치는 4,432,000달러다. 마지막으로 Mayflower Financial Advisors LLC는 4분기 동안 AbbVie 보유량을 0.4% 늘렸다. Mayflower Financial Advisors LLC는 지난 분기 78주를 추가 매수한 뒤 현재 회사 주식 19,176주를 보유하고 있으며, 가치는 4,381,000달러다. 기관투자자와 헤지펀드는 회사 주식의 70.23%를 보유하고 있다. ABBV는 여러 리서치 보고서의 주제가 됐다. Guggenheim은 3월 12일 목요일 보고서에서 AbbVie 주식에 대한 '매수(buy)' 의견을 재확인했다. William Blair는 3월 9일 월요일 리서치 노트에서 AbbVie 주식에 대해 '시장수익률 상회(outperform)' 의견을 재차 제시했다. Evercore는 2월 4일 수요일 리서치 노트에서 AbbVie의 목표주가를 232.00달러에서 228.00달러로 낮추고 해당 종목에 '시장수익률 상회(outperform)' 의견을 제시했다. Morgan Stanley는 2월 5일 목요일 보고서에서 AbbVie의 목표주가를 269.00달러에서 270.00달러로 올리고 '비중확대(overweight)' 의견을 제시했다. 마지막으로 HSBC는 12월 10일 수요일 리서치 보고서에서 AbbVie를 '보유(hold)'에서 '매수(buy)'로 상향 조정하고 목표주가를 225.00달러에서 265.00달러로 높였다. 두 명의 주식 리서치 애널리스트가 이 종목에 강력 매수(Strong Buy) 의견을, 14명이 매수(Buy) 의견을, 9명이 보유(Hold) 의견을 제시했다. MarketBeat의 데이터에 따르면 AbbVie는 현재 '중간 매수(Moderate Buy)' 합의 등급과 평균 목표주가 253.15달러를 보유하고 있다. AbbVie 주식은 금요일 211.12달러에 출발했다. 이 회사의 50일 단순이동평균은 222.06달러, 200일 단순이동평균은 224.53달러다. 이 종목의 시가총액은 3,732억9,000만달러, PER은 89.46, 주가수익성장비율(PEG)은 0.72, 베타는 0.34다. AbbVie Inc.의 12개월 최저가는 164.39달러, 12개월 최고가는 244.81달러다. AbbVie (NYSE:ABBV - Get Free Report)는 지난 2월 4일 수요일 실적을 발표했다. 회사는 분기 EPS 2.71달러를 보고해 애널리스트 예상치 2.65달러를 0.06달러 상회했다. 회사의 분기 매출은 166억2,000만달러로, 애널리스트 예상치 163억9,000만달러를 웃돌았다. AbbVie의 자기자본이익률은 마이너스 1,579.75%였고 순이익률은 6.91%였다. 회사의 매출은 전년 동기 대비 10.0% 증가했다. 전년 같은 분기에는 EPS 2.16달러를 기록했다. AbbVie는 2026 회계연도 EPS 가이던스를 14.370~14.570달러, 2026년 1분기 EPS 가이던스를 2.970~3.010달러로 제시했다. 애널리스트들은 AbbVie Inc.가 현재 회계연도에 주당순이익 12.31달러를 기록할 것으로 예상한다. 회사는 또한 최근 분기 배당을 발표했으며, 지급일은 5월 15일 금요일이다. 4월 15일 수요일 기준 주주들에게 주당 1.73달러의 배당금이 지급된다. 이는 연간 환산 배당금 6.92달러와 배당수익률 3.3%에 해당한다. 이 배당의 ex-dividend date는 4월 15일 수요일이다. AbbVie의 배당성향은 현재 293.22%다. 이번 주 AbbVie에 영향을 미치는 주요 뉴스는 다음과 같다. 다른 AbbVie 뉴스로, EVP Perry C. Siatis는 2월 25일 수요일 거래에서 회사 주식 22,381주를 매도했다. 주식은 주당 평균 230.00달러에 매도됐으며, 총 거래금액은 5,147,630.00달러였다. 매도 후 수석 부사장은 회사 주식 38,137주를 직접 보유했으며, 가치는 약 8,771,510달러였다. 이번 거래는 주식 보유량 36.98% 감소를 의미한다. 해당 거래는 SEC 웹사이트를 통해 확인 가능한 SEC 제출 문서에 공시됐다. 또한 SVP David Ryan Purdue는 3월 4일 수요일 거래에서 AbbVie 주식 5,230주를 매도했다. 주식은 주당 평균 233.56달러에 매도됐으며, 총 거래금액은 1,221,518.80달러였다. 거래 후 수석 부사장은 회사 주식 2,654주를 직접 보유했으며, 가치는 619,868.24달러였다. 이는 보유 지분 66.34% 감소를 의미한다. 이번 매도에 대한 SEC 공시에는 추가 정보가 포함돼 있다. 회사 내부자는 주식의 0.25%를 보유하고 있다. AbbVie는 2013년 Abbott Laboratories에서 분사해 설립된 글로벌 연구 중심 바이오의약품 회사로, 일리노이주 노스시카고에 본사를 두고 있다. 이 회사는 복잡하고 종종 만성적인 의학적 질환에 대한 치료법을 발견·개발·상용화하는 데 주력한다. 연구개발, 제조, 규제 업무, 상업화를 아우르는 사업을 운영하며, 여러 치료 영역에서 특수의약품을 시장에 내놓는 데 중점을 둔다. AbbVie의 제품 포트폴리오와 파이프라인은 면역학, 종양학, 신경과학, 바이러스학, 여성 건강을 포함한 여러 주요 치료 분야를 포괄한다. ABBV를 보유 중인 다른 헤지펀드가 궁금하신가요? AbbVie Inc. (NYSE:ABBV - Free Report)의 최신 13F 제출 내역과 내부자 거래를 보려면 HoldingsChannel.com을 방문하라. 이 즉시 뉴스 알림은 독자들에게 가장 빠른 보도와 편향 없는 보도를 제공하기 위해 narrative science 기술과 MarketBeat의 금융 데이터를 바탕으로 생성됐다. 이 기사에 관한 질문이나 의견은 contact@marketbeat.com으로 보내주기 바란다. AbbVie를 고려하기 전에 이 내용을 먼저 들어보라. MarketBeat는 월가의 최고 평가 및 최고 성과 리서치 애널리스트들과 그들이 고객에게 추천하는 종목을 매일 추적한다. MarketBeat는 상위 애널리스트들이 고객에게 지금 조용히 매수하라고 속삭이는 다섯 종목을 찾아냈으며, AbbVie는 그 목록에 없었다. 현재 AbbVie는 애널리스트들 사이에서 중간 매수(Moderate Buy) 등급을 받고 있지만, 최고 평가 애널리스트들은 이 다섯 종목이 더 나은 매수처라고 보고 있다. 금의 시대를 초월한 가치를 독점 2026 금 전망 보고서로 확인하라. 인플레이션, 경제 변화, 글로벌 불확실성에 맞서 자산을 보호하는 궁극의 투자처로서 금이 계속 중요한 이유를 살펴보라. 미래 세대를 위한 계획을 세우든, 불확실한 시기에 신뢰할 수 있는 자산을 찾고 있든, 이 보고서는 정보에 입각한 결정을 내리는 데 필수적인 가이드다. MarketBeat All Access에 가입해 MarketBeat의 전체 리서치 도구 모음에 접근할 수 있다. 345 N Reid Place, Suite 620, Sioux Falls, SD 57103 contact@marketbeat.com (844) 978-6257 © MarketBeat Media, LLC 2010-2026. All rights reserved. © 2026 공정시장가치는 매분 업데이트되며 Massive에서 제공된다. 기타 시장 데이터는 최소 10분 지연되며 Barchart Solutions에서 호스팅된다. 정보는 '있는 그대로' 제공되며, 거래 목적이나 조언이 아닌 정보 제공 목적에 한해 제공되고 지연될 수 있다. 모든 거래소 지연 및 이용 약관은 Barchart의 면책조항을 참조하라. 당사와 파트너는 귀하의 경험 개선을 돕기 위해 이 웹사이트 사용 정보에 대해 공유한다. 자세한 정보나 제외를 원하면 아래의 내 정보 판매 금지 버튼을 클릭하라.",https://www.marketbeat.com/instant-alerts/filing-synergy-asset-management-llc-sells-10070-shares-of-abbvie-inc-abbv-2026-03-27/
11,ABBV,2026-03-27 11:11:11,2026년 3월에 저평가될 수 있는 3개 종목 - simplywall.st,"지난 7일 동안 미국 시장은 1.6% 하락했지만, 지난 1년간 15% 상승하며 회복력을 보여줬고, 향후 몇 년간 연 16%의 예상 이익 성장이 기대되고 있습니다. 이러한 환경에서는 단기 변동성 너머를 보고, 탄탄한 기초 체력과 장기적 가치 상승 가능성을 지닌 기업을 찾기 위해 저평가될 수 있는 종목을 식별해야 합니다. 현금흐름 기준 저평가 미국 주식 스크리너에서 선정한 156개 종목의 전체 목록을 보려면 여기를 클릭하세요. 아래는 스크리너에서 선택된 몇몇 종목을 미리 살펴본 것입니다. 

개요: LPL Financial Holdings Inc.는 미국의 독립 금융자문가 및 기관 자문가를 대상으로 브로커리지 및 투자 자문 서비스를 포괄적으로 제공하는 플랫폼을 운영하며, 시가총액은 약 240억8,000만 달러입니다. 
운영: 회사의 매출은 주로 브로커리지 부문에서 발생하며, 해당 부문 매출은 165억9,000만 달러입니다. LPL Financial Holdings는 추정 적정가치보다 26.5% 낮은 수준에서 거래되고 있으며, 할인현금흐름 기준으로 저평가되어 있습니다. 현재 주가는 303.72달러이고, 미래 현금흐름 가치는 413.15달러입니다. 이익률이 8.8%에서 5.2%로 하락했음에도 불구하고, 실적은 연 22.2%의 큰 폭 성장할 것으로 예상되며, 이는 미국 전체 시장의 성장률 15.6%를 앞지릅니다. 

개요: AbbVie Inc.는 전 세계적으로 의약품과 치료제의 연구, 개발, 제조, 상업화 및 판매에 관여하는 연구 기반 바이오제약 회사로, 시가총액은 약 3,664억5,000만 달러입니다. 
운영: 회사 매출은 주로 Innovative Medicines and Therapies 부문에서 발생하며, 해당 부문은 611억6,000만 달러를 창출했습니다. AbbVie는 추정 미래 현금흐름 가치보다 크게 낮은 수준에서 거래되고 있으며, 현재 주가는 211.12달러이고 예상 가치는 369.97달러입니다. 높은 부채 수준과 이익으로 충분히 커버되지 않는 배당에도 불구하고, AbbVie의 이익은 연 22.78% 성장할 것으로 전망되어 미국 시장의 성장률 15.6%를 상회합니다. 최근 협업과 제품 승인, 그리고 이사회 독립성 제안과 관련한 지속적인 투자자 활동주의 속에서 장기적 잠재력을 강화하고 있습니다. 

개요: CNH Industrial N.V.는 북미, 유럽, 중동, 아프리카, 남미, 아시아태평양 등 여러 지역에서 농업 및 건설 장비를 개발, 제조, 판매하는 장비 회사로, 시가총액은 138억5,000만 달러입니다. 
운영: 회사의 매출 부문에는 농업 장비 123억9,000만 달러, 건설 장비 29억6,000만 달러, 금융 서비스 27억2,000만 달러가 포함됩니다. CNH Industrial은 10.96달러에 거래되고 있으며, 이는 추정 미래 현금흐름 가치 15.35달러보다 크게 낮아 20% 이상 저평가된 것으로 보입니다. 최근 배당금 감소와 FTSE All-World Index 편출에도 불구하고, CNH의 이익은 연 26.3% 성장할 것으로 예상되어 미국 시장의 성장률 15.6%를 앞서고 있습니다. 그러나 영업현금흐름 대비 부채 상환 능력은 이익률 하락과 불안정한 배당 이력 속에서 여전히 우려 사항입니다. 

이 Simply Wall St의 기사는 일반적인 성격의 내용입니다. 우리는 편향 없는 방법론을 사용하여 과거 데이터와 애널리스트 전망에 근거한 논평만을 제공하며, 당사의 기사는 금융 자문을 목적으로 하지 않습니다. 이는 어떤 종목의 매수 또는 매도 권고도 아니며, 귀하의 목표나 재무 상황을 고려하지 않습니다. 우리는 기초 데이터에 기반한 장기 중심 분석을 제공하고자 합니다. 또한 당사의 분석은 최신 주가 민감성 회사 공시나 정성적 자료를 반영하지 못할 수 있습니다. Simply Wall St는 언급된 어떤 종목에도 포지션을 보유하고 있지 않습니다. 우리는 주식 투자자를 위한 최고의 포트폴리오 동반 도구를 만들었으며, 이는 무료입니다. • 제한 없이 포트폴리오를 연결하고 총합을 하나의 통화로 확인하세요 • 이메일 또는 모바일로 새로운 경고 신호나 위험 요인을 알림 받으세요 • 종목의 적정가치를 추적하세요 이 기사에 대한 의견이 있으신가요? 내용이 우려되시나요? 직접 연락해 주세요. 또는 editorial-team@simplywallst.com 으로 이메일을 보내주세요. 세계적으로 의약품과 치료제의 연구개발, 제조, 상업화 및 판매에 관여하는 연구 기반 바이오제약 회사입니다. 적당한 위험과 합리적인 성장 잠재력을 지니며 배당을 지급합니다. 재무 데이터는 S&P Global Market Intelligence LLC가 제공하고, 분석은 Simply Wall Street Pty Ltd가 제공합니다. Copyright © 2026, S&P Global Market Intelligence LLC. All rights reserved. Simply Wall Street Pty Ltd (ACN 600 056 611)는 Sanlam Private Wealth Pty Ltd(AFSL No. 337927)의 기업 공인 대리인(Authorized Representative Number: 467183)입니다. 본 웹사이트에 포함된 모든 조언은 일반적인 조언일 뿐이며, 귀하의 목표, 재무 상황 또는 필요를 고려하지 않고 작성되었습니다. 본 웹사이트에 포함된 조언 및/또는 정보에 의존해서는 안 되며, 투자 결정을 내리기 전에 그것이 귀하의 상황에 적합한지 검토하고 적절한 재무, 세무 및 법률 자문을 구할 것을 권장합니다. 당사의 금융 서비스 이용을 결정하기 전에 금융서비스안내서(Financial Services Guide)를 읽어주시기 바랍니다. © 2026 Simply Wall Street Pty Ltd, 미국 디자인 특허 #29/544/281, 커뮤니티 및 유럽 디자인 등록 #2845206",https://simplywall.st/stocks/us/diversified-financials/nasdaq-lpla/lpl-financial-holdings/news/3-stocks-that-may-be-underestimated-in-march-2026
12,ABBV,2026-03-27 10:46:00,AbbVie(ABBV) 주식 몇 주가 있어야 연간 배당금 1만 달러를 받을 수 있을까 - The Motley Fool,"이 주식은 지난 10년간 연평균 16.2%의 상승률을 기록했으며, 후한 배당수익률도 보유하고 있습니다. 배당소득은 생활비를 충당하거나 더 많은 주식을 사는 데 사용할 수 있으므로, 투자에서 배당소득을 추구하는 것은 현명합니다. 고려해 볼 만한 탄탄한 배당주로는 2013년 Abbott Laboratories에서 분사된 제약사 AbbVie(ABBV 0.82%)가 있습니다. 이 주식은 최근 배당수익률 3.38%를 기록했는데, 이는 S&P 500 종목의 평균 수익률 1.1%를 훨씬 웃돕니다. 만약 연간 배당소득 1만 달러를 원한다면 AbbVie 주식을 몇 주 사야 할까요? 먼저 회사의 최근 분기 배당금이 주당 1.73달러였다는 점에 주목해야 합니다. 그러면 연간 환산 배당금은 주당 6.92달러입니다. 따라서 1만 달러를 6.92달러로 나누면 1,445주가 필요합니다. 최근 주가가 주당 약 205달러(3월 24일 기준)였으므로, 1,445주는 무려 29만6,225달러의 비용이 듭니다. (다행히 1,445주보다 적게 사도 됩니다!) AbbVie에 투자할 만한 이유 중 하나는 비교적 신뢰할 수 있는 배당 지급자이자 배당 성장주라는 점입니다. 2013년 이후 지급액을 330% 이상 늘렸습니다. 더 좋은 점은 Abbott Labs의 역사와 결합해 보면 25년 넘게 매년 배당을 늘려 왔다는 사실입니다. 따라서 올해 배당으로 받는 1만 달러(또는 그 외 금액)는 몇 년 후 훨씬 더 큰 금액이 될 수 있습니다. 배당만이 AbbVie를 고려해야 하는 유일한 이유는 아닙니다. 전반적으로 강한 성장주로, 지난 10년간 주가가 연평균 16.2% 상승했습니다. 2025년 매출은 전년 대비 8.6% 증가했는데, 이는 블록버스터 의약품 휴미라(Humira)의 특허 보호를 상실한 상황에서도 이룬 성과입니다. 개발 중인 90개 이상의 의약품 파이프라인도 유망합니다. AbbVie의 주가는 합리적인 수준으로 평가되며, 최근 선행 주가수익비율(P/E)은 14로 5년 평균 13보다 약간 높습니다. Selena Maranjian은 AbbVie에 대한 포지션을 보유하고 있습니다. The Motley Fool은 AbbVie와 Abbott Laboratories에 대한 포지션을 보유하고 있으며 이를 추천합니다. The Motley Fool에는 공시 정책이 있습니다. *모든 추천의 평균 수익률은 추천 시작 이후 기준입니다. 원가 기준과 수익률은 이전 거래일 종가 기준입니다. The Motley Fool과 함께 더 나은 투자를 하세요. The Motley Fool의 프리미엄 서비스에서 주식 추천, 포트폴리오 안내 등 다양한 정보를 받아보세요. © 1995 - 2026 The Motley Fool. All rights reserved.",https://www.fool.com/investing/2026/03/27/how-many-shares-abbvie-abbv-stock-10k-dividend/
13,ABBV,2026-03-27 10:06:00,AbbVie(ABBV) 주식 몇 주가 있어야 연간 배당금 1만 달러를 받을 수 있을까 - Yahoo Finance,"팁: 관련 결과를 보려면 유효한 티커 또는 특정 회사명을 입력해 보세요. 치솟는 가스 가격으로 자동차 구입 비용은 그 어느 때보다 비싸졌습니다. 하지만 전기차에는 기회가 있을 수 있습니다. 그 어느 때보다 많은 미국인이 개인 대출로 눈을 돌리고 있습니다. 그 배경은 다음과 같습니다. 미국인들은 여행 악몽 같은 한 주를 막 견뎠습니다. 당분간 나아질 기미는 없습니다. 주택 매도 희망자들이 집주인으로 바뀌고 있습니다. 임차인에게는 좋은 소식입니다. 현재 시장에서는 거의 모든 것이 잘못되고 있습니다. S&P 500은 하락세를 이어갔고, 다우지수는 기술주가 시가총액 수십억 달러를 날리면서 나스닥과 함께 조정 국면에 들어갔습니다. 상원이 미국 정부 셧다운 종료에 표결했습니다. 이 셧다운은 공항 운영을 마비시키고 TSA 직원들의 임금을 체불시켰습니다. 미국 증시는 하락했고, 이란 전쟁이 지속되는 가운데 나스닥은 조정 국면에서 더 깊어졌습니다. 트럼프가 호르무즈 해협이 '저절로 열릴 것'이라고 말했다가 이후 이란의 수로 통제 능력을 인정하기까지의 과정 SpaceX, 예비 투자자들에게 IPO 준비를 위해 4월 브리핑을 예상하라고 통보 (Bloomberg) 주요 빅테크 종목은 모두 52주 고점 대비 두 자릿수 하락세입니다. 나스닥은 대형 기술주와 반도체주 매도세, 유가 100달러 돌파 속에 지수를 끌어내렸습니다. 주택담보대출 금리는 7개월 만의 최고치로 급등했으며, 매수자 신뢰는 '흔들린' 상태입니다. 트럼프가 이란에 '너무 늦기 전에' 합의하라고 경고하면서 장 초반 주식이 하락했습니다. 노동 생산성이 상승하고 있습니다. AI 때문인지 여부는 말하기 어렵습니다. 곳곳의 근로자들은 고용 안정성에 대해 매우 불안해하고 있습니다. 그 이유는 다음과 같습니다. 월가 애널리스트들은 유가 변동성이 지속되고 중동 전쟁이 장기화되면서 경기침체 확률이 높아지고 있다고 말합니다. TSA 국장은 여행 문제는 어떤 셧다운 합의보다 더 오래 지속될 가능성이 있다며 올여름 '완벽한 폭풍'을 경고했습니다. 주식은 상승했고 유가는 100달러 아래를 유지했습니다. 월가는 이란 긴장 완화 기대를 저울질했습니다. Meta와 YouTube가 획기적인 소셜미디어 중독 소송에서 책임이 있다고 보도됨 OpenAI가 방금 Sora의 서비스를 중단한 이유를 설명하는 두 개의 차트 미국과 이란 간 대화 기대 속에 미국 증시 상승, 유가는 100달러 아래로 하락 지난 100년간 주식시장의 두 자릿수 손실을 이끈 세 가지 요인이 있습니다. 지금 모두 작동 중입니다. '닥터 둠'으로 알려진 이코노미스트는 이란 전쟁이 인플레이션과 금리에 중대한 영향을 미칠 수 있다고 말합니다. CEO는 10억 달러 규모의 AI 운영 기업의 시대가 이미 도래했다고 주장합니다. 의회에서 진행 중인 법안의 불리한 전개 덕분에 주가는 사상 최대 폭으로 급락했습니다. 나스닥이 하락을 주도하며 증시가 다시 하락했습니다. 이란 전쟁이 장기화되면서 유가가 급등했습니다. 장 초반 증시는 하락했고, 이란 전쟁이 계속되는 가운데 월요일의 급등 이후 되돌림이 나타났습니다. 연준은 과거 유가 충격에 어떻게 대응했고, 또 어떻게 대응하지 않았는가 Musk의 'Terafab'가 마침내 공개됐습니다. 이는 그가 자신의 회사들을 어디로 이끌고자 하는지에 대한 가장 거대한 구상일지도 모릅니다. Larry Fink의 연례 서한은 AI와 불평등에 대한 강한 경고를 담고 있었습니다. 트럼프가 계획했던 공습의 위험성에 대해 미국 동맹국들이 경고한 뒤 이란과 협상을 시작했습니다 (Bloomberg) 다우지수는 600포인트 이상 급등했고, S&P 500과 나스닥도 모두 1% 이상 상승했습니다. 월가가 트럼프의 이란과의 대화 재개 신호를 반겼기 때문입니다. 트럼프가 이란 공습을 보류하고 '매우 좋은' 협상을 추진하자 미국 증시가 급등했습니다. 트럼프가 이란의 발전소에 대한 위협적 공습을 연기한 뒤 다우 선물은 거의 1,000포인트 급등했고 유가는 급락했습니다. 세계가 필요하다는 사실조차 몰랐던 사우디아라비아의 송유관 (Bloomberg) HELOC가 어떻게 바뀌었는지, 그리고 일부 주택 소유자가 새 규정을 좋아하지 않을 수 있는 이유 가정 방문 간호사는 현재 노동시장 핵심 문제를 상징합니다. 높은 수요, 낮은 임금 가스 가격 급등이 소비자, 인플레이션, 그리고 더 넓은 경제에 어떤 영향을 미칠지 애널리스트들이 살펴보고 있습니다. 국경 담당 차르 호만은 ICE가 공항에서 ‘중요하지 않은’ 업무를 수행할 것이라고 말했습니다 (Bloomberg) 파월은 자신과 연준에 대한 법무부 조사가 해결될 때까지 연준 이사회에서 물러날 계획이 없다고 밝혔습니다 이란 전쟁이 계속되고, 추가 금리 인상 가능성이 있으며, AI의 '증명해 보라' 단계 왜 나스카(Nascar) 스타 조이 로가노가 포드 딜러십에 투자했는가 더 많은 미국인이 해외 은퇴를 고려하고 있습니다. 알아야 할 사항은 다음과 같습니다. 항공권 비용이 곧 더 비싸질 예정입니다. 이 팁들이 비용을 아껴줄 수 있습니다. 트럼프가 셧다운 상황에서 ICE 요원들을 공항에 배치하겠다고 위협했습니다 (Bloomberg) 중고 전기차가 합리적인 자동차를 찾는 미국인들에게 해답이 될 수 있는 이유 재산세가 치솟고 있습니다. 하지만 일부 주에서는 이를 줄였다가 큰 부작용이 생긴다는 사실을 배우고 있습니다. OpenAI가 사업 확장 가속화 속에 인력을 두 배로 늘릴 예정 (Financial Times) 월가가 예상했던 것은 신속한 폭격 작전이었습니다. 실제로는 에너지 전쟁이 벌어졌습니다. 투자에서 배당소득을 추구하는 것은 생활비를 충당하거나 더 많은 주식을 사는 데 사용할 수 있으므로 현명합니다. 고려할 만한 탄탄한 배당주로는 2013년 Abbott Laboratories에서 분사된 제약사 AbbVie(NYSE: ABBV)가 있습니다. 이 주식은 최근 배당수익률 3.38%를 기록했는데, 이는 S&P 500 종목의 평균 수익률 1.1%를 훨씬 웃돕니다. 예를 들어 연간 배당소득 1만 달러를 원한다면 AbbVie 주식을 몇 주 사야 할까요? AI가 세계 최초의 조 단위 부자를 만들 수 있을까요? 우리 팀은 방금 Nvidia와 Intel이 모두 필요로 하는 핵심 기술을 제공하는, '필수 독점기업'이라고 불리는 잘 알려지지 않은 한 회사에 대한 보고서를 발표했습니다. 계속 » 먼저 회사의 최근 분기 배당금이 주당 1.73달러였다는 점에 주목해야 합니다. 그러면 연간 환산 배당금은 주당 6.92달러입니다. 따라서 1만 달러를 6.92달러로 나누면 1,445주가 필요합니다. 최근 주가가 주당 약 205달러(3월 24일 기준)였으므로, 1,445주는 무려 29만6,225달러의 비용이 듭니다. (다행히 1,445주보다 적게 사도 됩니다!) AbbVie에 투자할 만한 이유 중 하나는 비교적 신뢰할 수 있는 배당 지급자이자 배당 성장주라는 점입니다. 2013년 이후 지급액을 330% 이상 늘렸습니다. 더 좋은 점은 Abbott Labs의 역사와 결합해 보면 25년 넘게 매년 배당을 늘려 왔다는 사실입니다. 따라서 올해 배당으로 받는 1만 달러(또는 그 외 금액)는 몇 년 후 훨씬 더 큰 금액이 될 수 있습니다. 배당만이 AbbVie를 고려해야 하는 유일한 이유는 아닙니다. 전반적으로 강한 성장주로, 지난 10년간 주가가 연평균 16.2% 상승했습니다. 2025년 매출은 전년 대비 8.6% 증가했는데, 이는 블록버스터 의약품 휴미라(Humira)의 특허 보호를 상실한 상황에서도 이룬 성과입니다. 개발 중인 90개 이상의 의약품 파이프라인도 유망합니다. AbbVie의 주가는 합리적인 수준으로 평가되며, 최근 선행 주가수익비율(P/E)은 14로 5년 평균 13보다 약간 높습니다. The Motley Fool Stock Advisor 애널리스트 팀은 방금 투자자들이 지금 사야 할 최고의 주식 10개를 선정했는데… AbbVie는 그 목록에 포함되지 않았습니다. 선정된 10개 종목은 향후 몇 년간 폭발적 수익을 낼 수 있습니다. Netflix가 2004년 12월 17일 이 목록에 올랐을 때를 생각해 보세요. 그 당시 1,000달러를 투자했다면 지금은 497,659달러가 되었을 것입니다!* 또는 Nvidia가 2005년 4월 15일 이 목록에 올랐을 때를 생각해 보세요. 그 당시 1,000달러를 투자했다면 지금은 1,095,404달러가 되었을 것입니다!* 이제 Stock Advisor의 총 평균 수익률은 912%라는 점을 주목할 가치가 있습니다. 이는 S&P 500의 185%를 압도하는 성과입니다. Stock Advisor에서 제공하는 최신 톱 10 목록을 놓치지 말고, 개인 투자자를 위해 개인 투자자들이 만든 투자 커뮤니티에 참여하세요. Selena Maranjian은 AbbVie에 대한 포지션을 보유하고 있습니다. The Motley Fool은 AbbVie와 Abbott Laboratories에 대한 포지션을 보유하고 있으며 이를 추천합니다. The Motley Fool에는 공시 정책이 있습니다. 'Here's How Many Shares of AbbVie (ABBV) Stock You'd Need for $10,000 in Yearly Dividends'는 원래 The Motley Fool에 의해 प्रकाशित되었습니다. 팁: 관련 결과를 보려면 유효한 티커 또는 특정 회사명을 입력해 보세요",https://finance.yahoo.com/markets/stocks/articles/heres-many-shares-abbvie-abbv-100600259.html
14,ABBV,2026-03-27 08:51:05,"Dakota Wealth Management, AbbVie Inc. $ABBV 지분을 늘려 - MarketBeat","Dakota Wealth Management는 최근 미국 증권거래위원회(SEC)에 제출한 공시에 따르면 4분기에 AbbVie Inc.(NYSE:ABBV - Free Report) 주식 보유를 31.8% 늘렸습니다. 해당 기관투자자는 분기 중 13,423주를 추가 매수한 뒤 총 55,699주를 보유하게 되었습니다. SEC에 대한 최근 제출 자료 기준 Dakota Wealth Management의 AbbVie 보유 가치는 1,272만7,000달러였습니다. 다른 기관투자자들도 이 회사의 지분을 늘리거나 줄였습니다. Ellenbecker Investment Group는 3분기 동안 AbbVie 주식 보유를 0.8% 늘렸습니다. Ellenbecker Investment Group는 지난 분기 추가로 44주를 취득한 뒤 현재 1,235,000달러 가치의 회사 주식 5,334주를 보유하고 있습니다. Security National Bank of Sioux City Iowa IA는 3분기 AbbVie 보유를 0.3% 늘렸습니다. Security National Bank of Sioux City Iowa IA는 지난 분기 추가로 45주를 매수한 뒤 현재 356만2,000달러 상당의 회사 주식 15,382주를 보유하고 있습니다. Matthew Goff Investment Advisor LLC는 3분기 AbbVie 지분을 0.3% 늘렸습니다. Matthew Goff Investment Advisor LLC는 지난 분기 추가로 45주를 매수한 뒤 현재 406만6,000달러 가치의 회사 주식 17,561주를 보유하고 있습니다. Centennial Wealth Advisory LLC는 3분기 AbbVie 지분을 2.2% 늘렸습니다. Centennial Wealth Advisory LLC는 지난 분기 추가로 45주를 매수한 뒤 현재 48만4,000달러 가치의 회사 주식 2,089주를 보유하고 있습니다. 마지막으로 Willner & Heller LLC는 3분기 동안 AbbVie 보유를 0.6% 늘렸습니다. Willner & Heller LLC는 지난 분기 추가로 46주를 매수한 뒤 현재 175만9,000달러 가치의 회사 주식 7,596주를 보유하고 있습니다. 현재 주식의 70.23%는 기관투자자들이 보유하고 있습니다. ABBV 주식은 금요일 211.12달러에 개장했습니다. 회사의 시가총액은 3,732억9,000만 달러이며, PER은 89.46, 주가수익성장비율(PEG)은 0.72, 베타는 0.34입니다. AbbVie Inc.의 1년 최저가는 164.39달러, 1년 최고가는 244.81달러입니다. 회사의 50일 이동평균 가격은 222.06달러이고 200일 이동평균 가격은 224.53달러입니다. AbbVie(NYSE:ABBV - Get Free Report)는 지난 2월 4일 수요일에 분기 실적을 발표했습니다. 회사는 분기 주당순이익(EPS) 2.71달러를 보고했으며, 애널리스트 예상치 2.65달러를 0.06달러 상회했습니다. AbbVie의 순이익률은 6.91%였고 자기자본이익률(ROE)은 마이너스 1,579.75%였습니다. 회사의 분기 매출은 166억2,000만 달러로, 애널리스트 예상치 163억9,000만 달러를 웃돌았습니다. 전년 동기에는 EPS 2.16달러를 기록했습니다. 매출은 전년 동기 대비 10.0% 증가했습니다. AbbVie는 2026 회계연도 가이던스를 EPS 14.370~14.570달러로, 2026년 1분기 가이던스를 EPS 2.970~3.010달러로 제시했습니다. 애널리스트들은 평균적으로 AbbVie Inc.가 올해 EPS 12.31달러를 기록할 것으로 예상합니다. 회사는 또한 최근 분기 배당금을 공시했으며, 배당금은 5월 15일 금요일에 지급될 예정입니다. 4월 15일 수요일 기준 주주들에게 주당 1.73달러의 배당금이 지급됩니다. 이는 연간 기준 6.92달러의 배당에 해당하며 배당수익률은 3.3%입니다. 이 배당의 ex-dividend date는 4월 15일 수요일입니다. AbbVie의 배당성향(DPR)은 293.22%입니다. 다른 소식으로, EVP Perry C. Siatis는 2월 25일 수요일에 거래를 통해 AbbVie 주식 22,381주를 매도했습니다. 해당 주식은 평균 230.00달러에 매도되어 총액 5,147,630.00달러를 기록했습니다. 거래 이후 해당 부사장은 회사 주식 38,137주를 보유했으며, 가치는 약 8,771,510달러였습니다. 이번 거래는 보유 지분이 36.98% 감소한 것입니다. 해당 거래는 증권거래위원회(SEC) 제출 서류에 공개되어 있으며, 이는 이 하이퍼링크를 통해 확인할 수 있습니다. 또한 SVP David Ryan Purdue는 3월 4일 수요일 거래로 사업 주식 5,230주를 매도했습니다. 해당 주식은 평균 233.56달러에 매도되어 총액 1,221,518.80달러를 기록했습니다. 매도 완료 후 해당 수석부사장은 회사 주식 2,654주를 직접 보유했으며, 가치는 약 619,868.24달러였습니다. 이번 거래는 보유 지분이 66.34% 감소한 것을 의미합니다. 이 매도 공시는 SEC 제출 자료에서 확인할 수 있습니다. 현재 주식의 0.25%는 회사 내부자가 보유하고 있습니다. 여러 리서치 기관들이 ABBV에 대해 의견을 제시했습니다. Citigroup은 1월 27일 화요일 리서치 नोट에서 AbbVie의 목표주가를 235.00달러에서 230.00달러로 낮추고 회사에 대해 '중립' 등급을 부여했습니다. Evercore는 2월 4일 수요일 보고서에서 AbbVie의 목표주가를 232.00달러에서 228.00달러로 낮추고 '시장수익률 상회' 등급을 제시했습니다. Morgan Stanley는 2월 5일 목요일 리서치 보고서에서 AbbVie의 목표주가를 269.00달러에서 270.00달러로 상향하고 주식에 '비중확대' 등급을 부여했습니다. William Blair는 3월 9일 월요일 리서치 नोट에서 AbbVie에 대해 '시장수익률 상회' 등급을 재확인했습니다. 마지막으로 Wall Street Zen은 2월 28일 토요일 리서치 보고서에서 AbbVie 등급을 '매수'에서 '강력매수'로 상향했습니다. 두 명의 애널리스트가 강력매수, 열네 명이 매수, 아홉 명이 보유 의견을 제시했습니다. MarketBeat.com 데이터에 따르면 AbbVie의 현재 평균 등급은 '중립적 매수'이며 평균 목표주가는 253.15달러입니다. 이번 주 AbbVie에 영향을 미친 주요 뉴스는 다음과 같습니다. AbbVie는 2013년 Abbott Laboratories에서 분사되어 설립된 세계적인 연구 중심 바이오제약 회사로, 일리노이주 노스시카고에 본사를 두고 있습니다. 회사는 복잡하고 종종 만성적인 의료 질환에 대한 치료법을 발견, 개발 및 상업화하는 데 주력합니다. 연구개발, 제조, 규제업무 및 상업화 전반에 걸쳐 사업을 운영하며, 여러 치료 영역에서 전문의약품을 시장에 출시하는 데 중점을 둡니다. AbbVie의 제품 포트폴리오와 파이프라인은 면역학, 종양학, 신경과학, 바이러스학 및 여성 건강을 포함한 주요 치료 분야를 포괄합니다. 다른 헤지펀드들이 ABBV를 어떻게 보유하고 있는지 보시겠습니까? HoldingsChannel.com을 방문해 AbbVie Inc.(NYSE:ABBV - Free Report)의 최신 13F 제출 자료와 내부자 거래를 확인하세요. 이 즉시 뉴스 알림은 독자들에게 가장 빠른 보도와 편향 없는 보도를 제공하기 위해 MarketBeat의 서술형 과학 기술과 금융 데이터를 바탕으로 생성되었습니다. 이 기사에 대한 질문이나 의견은 contact@marketbeat.com 으로 보내주시기 바랍니다. AbbVie를 고려하기 전에 이것을 들어보세요. MarketBeat는 월가의 최고 등급이자 가장 뛰어난 성과를 내는 리서치 애널리스트들과 그들이 고객에게 추천하는 종목을 매일 추적합니다. MarketBeat는 광범위한 시장이 이를 알아차리기 전에 지금 조용히 고객에게 매수하라고 속삭이는 것으로 보이는 다섯 종목을 찾아냈습니다... 그리고 AbbVie는 그 목록에 없었습니다. AbbVie는 현재 애널리스트들 사이에서 중립적 매수 등급을 받고 있지만, 최고 평가 애널리스트들은 이 다섯 종목이 더 나은 매수라고 보고 있습니다. 2026년에 빛날 7개 종목 보고서를 통해 다음 투자 기회를 발견하세요. 오늘의 시장을 지배하는 기술 대기업의 성장, 혁신, 가치 창출을 재현할 가능성이 있는 기업들을 살펴보세요. MarketBeat All Access에 가입하여 MarketBeat의 전체 리서치 도구를 이용하세요. 345 N Reid Place, Suite 620, Sioux Falls, SD 57103 contact@marketbeat.com (844) 978-6257 © MarketBeat Media, LLC 2010-2026. All rights reserved. © 2026 공정가치 가격은 매분 업데이트되며 Massive에서 제공됩니다. 기타 시장 데이터는 최소 10분 지연되어 있으며 Barchart Solutions에서 제공합니다. 정보는 있는 그대로 제공되며 거래 목적이나 조언이 아닌 정보 제공 목적에만 사용되며 지연이 있습니다. 모든 거래소 지연 및 이용약관은 Barchart의 면책조항을 참조하세요. 당사와 파트너는 귀하의 웹사이트 사용 정보를 공유하여 경험 개선에 도움을 줍니다. 더 자세한 정보 또는 거부를 원하시면 아래의 Do Not Sell My Information 버튼을 클릭하세요.",https://www.marketbeat.com/instant-alerts/filing-dakota-wealth-management-raises-position-in-abbvie-inc-abbv-2026-03-27/
15,ABBV,2026-03-27 07:52:02,(ABBV) 가격 동향 및 실행 인지형 포지셔닝 - Stock Traders Daily,우리의 AI 모델은 서로 다른 위험 성향과 보유 기간에 맞춘 세 가지 개별 거래 전략을 생성했습니다. 각 전략은 포지션 규모를 최적화하고 하락 위험을 최소화하도록 설계된 정교한 위험관리 매개변수를 포함합니다. 파랑 = 현재 가격 빨강 = 저항 녹색 = 지지 API 통합 및 맞춤형 위험 모델을 통해 기관 수준의 분석을 받아보세요. 귀하는 이제 지속적인 분석과 알림을 위해 ABBV를 개인화 대시보드에 추가하려고 합니다. My Stocks 대시보드에 접속하고 개인화된 분석을 받으려면 무료 계정을 생성해야 합니다. © 2025 Stock Traders Daily - Quantitative Research Division. All rights reserved. | 📚 전체 뉴스 아카이브 | 🍁 캐나다 버전,https://news.stocktradersdaily.com/news_release/89/ABBV_Price_Dynamics_and_Execution-Aware_Positioning_032726075202_1774612322.html
16,ABBV,2026-03-27 05:01:00,ABBV- 혼란스러운 시장에서 매력적인 배당주 - Yahoo Finance,"팁: 관련 결과를 보려면 유효한 종목코드나 특정 회사명을 입력해 보세요 가스 가격 급등으로 자동차 구입 비용이 그 어느 때보다 비싸졌습니다. 하지만 전기차에는 기회가 있을 수 있습니다. 그 어느 때보다 많은 미국인이 개인 대출로 눈을 돌리고 있습니다. 그 배경은 다음과 같습니다. 미국인들은 방금 여행 악몽의 한 주를 겪었습니다. 당분간 나아질 조짐은 없습니다. 주택 매도 예정자들이 집주인으로 변하고 있습니다. 임차인에게는 좋은 소식입니다. 지금 시장에서는 거의 모든 것이 잘못되고 있습니다 S&P 500은 하락 행진을 이어갔고 다우지수는 나스닥과 함께 조정 국면에 들어섰으며, 기술주가 시가총액 수십억 달러를 날렸습니다 상원이 미국 셧다운 종료에 표결, 셧다운은 공항을 마비시키고 TSA 직원들을 무급 상태로 둬 미국 증시 하락, 이란 전쟁이 지속되는 가운데 나스닥은 조정 국면이 더 깊어져 트럼프가 어떻게 호르무즈 해협이 '저절로 열릴 것'이라고 말했다가 이 수로를 통제할 수 있는 이란의 힘을 인정하게 됐는가 SpaceX, IPO 준비를 위해 4월에 투자자 설명회를 진행할 것이라고 잠재적 투자자들에게 통보 (Bloomberg) 모든 대형 기술주 애호주들이 52주 최고가 대비 두 자릿수 비율 하락 나스닥은 대형 기술주와 반도체주 매도세, 유가 100달러 상회로 지수 하락을 주도 모기지 금리가 7개월 만의 최고치로 급등, 매수자 신뢰는 '흔들렸다' 주식은 장 초반 하락, 트럼프가 이란에 '너무 늦기 전에' 합의하라고 경고하면서 노동자 생산성은 상승 중입니다. 그중 AI 때문인지는 말하기 어렵습니다. 전 세계의 근로자들은 자신의 고용 안정성에 대해 끔찍한 감정을 느끼고 있습니다. 그 이유는 다음과 같습니다. 월가 애널리스트들은 유가 변동성이 지속되고 중동 전쟁이 장기화되면서 경기침체 가능성이 높아지고 있다고 말합니다 TSA 국장은 여행 문제가 어떤 셧다운 합의보다도 더 오래갈 가능성이 크다고 말하며 이번 여름 '완벽한 폭풍'을 경고했습니다 주식은 상승했고 유가는 100달러 아래에 머물렀으며, 월가는 이란 긴장 완화 기대를 저울질했습니다 메타, 유튜브가 획기적인 소셜미디어 중독 소송에서 책임이 있다고 판결된 것으로 알려져 2개의 차트가 오픈AI가 왜 방금 소라(Sora) 가동을 중단했는지 설명합니다 미국-이란 대화 기대 속에 미국 증시 급등, 유가는 100달러 아래로 하락 지난 100년 동안 증시의 두 자릿수 손실을 초래한 요인은 세 가지입니다. 모두 현재 작동 중입니다 '닥터 둠'으로 알려진 경제학자는 이란 전쟁이 인플레이션과 금리에 심각한 영향을 미칠 수 있다고 말합니다 CEO는 10억 달러 규모의 AI 운영 기업 시대가 이미 도래했다고 주장합니다. 의회에서 진행 중인 법안의 불리한 전개 덕분에 주가가 사상 최대 폭으로 급락했습니다. 주식은 하락세를 재개했고 나스닥이 낙폭을 주도했습니다. 이란 전쟁이 장기화되면서 유가가 급등했습니다. 주식은 장 초반 하락세로 돌아서며, 이란 전쟁이 이어지는 가운데 월요일의 급등 이후 되돌림을 보였습니다 과거 유가 충격에 대해 연준이 어떻게, 그리고 어떻게 대응하지 않았는가 머스크의 '테라팹(Terafab)'이 마침내 공개됐습니다. 그의 회사들이 향하는 방향에 대해 그가 보는 가장 거대한 총체적 비전일 수 있습니다. 래리 핑크의 연례 서한은 AI와 불평등에 대한 강한 경고를 담았습니다 트럼프는 미국 동맹국들이 그가 계획한 공습의 위험성을 경고한 뒤 이란과 협상을 시작했습니다 (Bloomberg) 다우지수는 600포인트 넘게 급등했고, S&P 500과 나스닥도 모두 1% 이상 상승했으며, 월가가 트럼프의 이란과의 협상 재개 신호를 환호했습니다 미국 증시는 트럼프가 이란 공습을 보류하고 '매우 좋은' 협상을 추진하면서 급등 다우 선물은 거의 1,000포인트 급등했고, 트럼프가 이란 발전소에 대한 위협적 공습을 연기한 뒤 유가는 급락했습니다 세상이 몰랐던 사우디 석유 파이프라인 (Bloomberg) HELOC가 어떻게 바뀌었는지, 그리고 왜 일부 주택 소유자들은 새로운 규칙을 좋아하지 않을 수 있는지 다음은 가정 건강 보조 인력이 현재 노동시장의 핵심 문제를 어떻게 상징하는지 보여줍니다: 수요는 높지만 임금은 낮음 분석가들은 급등한 가스 가격이 소비자, 인플레이션, 그리고 더 넓은 경제에 어떤 영향을 미칠지 보고 있습니다 국경 담당 책임자 호먼은 ICE가 공항에서 '중요하지 않은' 업무를 맡게 될 것이라고 말함 (Bloomberg) 파월은 자신과 연준에 대한 법무부 조사들이 해결될 때까지 연준 이사회에서 물러날 계획이 없다고 말합니다 이란 전쟁은 계속되고, 금리 인상 가능성과 AI의 '증명해 보라' 단계 나스카 스타 조이 로가노가 포드 딜러십에 막 투자한 이유 점점 더 많은 미국인이 해외 은퇴를 고려하고 있습니다. 알아야 할 사항은 다음과 같습니다. 항공권 비용이 곧 더 비싸집니다. 이 팁들이 비용을 줄여줄 수 있습니다 트럼프, 셧다운 속 공항에 ICE 요원 배치 위협 (Bloomberg) 중고 EV가 저렴한 자동차를 찾는 미국인들에게 해답이 될 수 있는 이유 재산세가 급등하고 있습니다. 하지만 주정부들은 이를 삭감하는 데 큰 부작용이 있다는 사실을 배우고 있습니다. 오픈AI, 사업 확장 가속화에 따라 인력 두 배로 확대 (Financial Times) 월가는 신속한 폭격 작전을 가격에 반영했지만, 실제로 받은 것은 에너지 전쟁이었습니다. 시장은 힘든 국면이었습니다. 이란과의 전쟁을 둘러싼 불확실성이 타격을 주고 있습니다. 하지만 한 종목은 단기적으로는 하락 가능성을 감수하더라도 장기적으로 상당한 수익을 위해 버틸 가치가 있어 보입니다. Cabot Income Advisor 편집장 톰 허친슨은 그것이 애브비(AbbVie Inc., ABBV)라고 말합니다. MoneyShow 2026 Top Picks Report 전체 무료 사본을 받으려면 여기를 클릭하세요. 매도세는 심하지만, 지난 4월 관세 공포처럼 그렇게 심각하지는 않습니다. 당시 S&P는 거의 20% 급락했습니다. 물론 매도세가 끝나지 않았을 수도 있습니다. 하지만 어쨌든 이런 시기야말로 인컴 투자가 빛을 발합니다. S&P 500 지수(^SPX)는 최근 8월 말과 같은 수준에서 마감했습니다. 하지만 배당주는 계속 배당을 지급했습니다. 여기에 커버드 콜까지 매도했다면, 시장이 거의 움직이지 않는 동안 더 나은 수익을 얻을 수 있었습니다. 지금 무엇을 해야 할지 판단하는 것은 어렵습니다. 시장은 매우 예측하기 어려운 중동 정세에 의해 움직이고 있습니다. 지금 주식을 사는 것은 장기 투자자가 아니라면 다소 도박처럼 보입니다. 하지만 ABBV는 과거에 강한 수익률을 보여온 종목으로, 앞으로는 더 나아질 가능성이 있습니다. 자가면역 치료제 휴미라(Humira)의 특허 상실이 주가를 억눌러 왔습니다. 그러나 더 최근의 대체 약물들은 이제 휴미라가 한 번도 달성하지 못한 것보다 더 많은 매출을 합산해 내고 있습니다. 주가는 보통 1년에 한두 번 크게 급등한 뒤 횡보합니다. 또한 참고: MoneyMasters Podcast 3/26/26: 야데니가 '전쟁의 안개'를 헤쳐 나가는 법 비록 이란 뉴스 때문에 주가가 끌려내려왔지만, 지금부터 연말까지 ABBV에 대해 강한 상승 여력이 있다고 믿을 만한 좋은 이유가 있습니다. 이 종목은 새로운 수익성 시대로 들어섰기 때문입니다. 또한 헬스케어주이기도 합니다. 전쟁이나 유가가 어떻게 되든 크게 중요하지 않습니다. 사람들은 여전히 약을 살 것이기 때문입니다. SPX: 헤드라인에 좌우되는 이 시장에서 안정화가 평온함을 의미하는 것은 아니다 금: 극심한 변동성 이후, 중기 전망은 어떻게 될까? 팁: 관련 결과를 보려면 유효한 종목코드나 특정 회사명을 입력해 보세요",https://finance.yahoo.com/markets/stocks/articles/abbv-attractive-income-stock-turbulent-050100450.html
17,ABBV,2026-03-26 21:21:57,애브비(NYSE:ABBV) 1.9% 상승 거래 - 매수할 때인가? - MarketBeat,"애브비(AbbVie Inc., NYSE:ABBV - Get Free Report) 주가는 목요일 거래에서 1.9% 급등했습니다. 장중 한때 주가는 211.45달러까지 올랐고, 마지막 거래가는 211.1160달러였습니다. 거래량은 454만5,781주로, 평균 거래량 739만1,874주보다 39% 감소했습니다. 직전 종가는 207.18달러였습니다. 이번 주 애브비에 영향을 미친 주요 뉴스는 다음과 같습니다. 최근 여러 리서치 애널리스트가 이 회사에 대한 의견을 내놓았습니다. Goldman Sachs Group은 1월 28일 수요일 리서치 보고서에서 '중립' 의견을 재확인하고 애브비 주식에 대해 목표주가 223.00달러를 제시했습니다. William Blair는 3월 9일 월요일 보고서에서 애브비 주식에 대해 '시장수익률 상회(outperform)' 의견을 재제시했습니다. HSBC는 12월 10일 수요일 리서치 노트에서 애브비를 '보유(hold)'에서 '매수(buy)'로 상향 조정하고 목표주가를 225.00달러에서 265.00달러로 올렸습니다. Citigroup은 1월 27일 화요일 리서치 보고서에서 애브비의 목표주가를 235.00달러에서 230.00달러로 낮추고 '중립' 의견을 제시했습니다. 마지막으로 Sanford C. Bernstein은 2월 5일 목요일 리서치 노트에서 애브비 주식에 대해 '시장수익률(market perform)' 의견을 재확인했습니다. 두 명의 애널리스트가 이 종목에 대해 강력 매수(Strong Buy) 의견을, 14명이 매수(Buy) 의견을, 9명이 보유(Hold) 의견을 제시했습니다. MarketBeat에 따르면 이 종목의 종합 평가는 '중간 정도의 매수(Moderate Buy)'이며 평균 목표주가는 253.15달러입니다. 이 회사의 시가총액은 3,732억9,000만 달러이며, 주가수익비율(P/E)은 89.46배, 주가수익성장비율(PEG)은 0.71, 베타는 0.34입니다. 50일 이동평균은 222.17달러, 200일 이동평균은 224.62달러입니다. 애브비(AbbVie Inc., NYSE:ABBV - Get Free Report)는 지난 2월 4일 수요일에 최신 실적을 발표했습니다. 회사는 분기 주당순이익(EPS) 2.71달러를 보고해 시장 예상치 2.65달러를 0.06달러 상회했습니다. 애브비의 자기자본이익률(ROE)은 마이너스 1,579.75%, 순이익률은 6.91%였습니다. 분기 매출은 166억2,000만 달러로, 시장 예상치 163억9,000만 달러를 웃돌았습니다. 전년 동기에는 주당순이익이 2.16달러였습니다. 회사의 매출은 전년 동기 대비 10.0% 증가했습니다. 애브비는 2026 회계연도 EPS 가이던스를 14.370~14.570달러, 2026년 1분기 EPS 가이던스를 2.970~3.010달러로 제시했습니다. 증권 리서치 애널리스트들은 애브비가 올해 주당순이익 12.31달러를 기록할 것으로 예상하고 있습니다. 회사는 또한 분기 배당금을 최근 공시했으며, 배당금은 5월 15일 금요일에 지급됩니다. 4월 15일 수요일 기준 주주명부에 등재된 투자자는 주당 1.73달러의 배당을 받게 됩니다. 이는 연간 환산 배당금 6.92달러, 배당수익률 3.3%를 의미합니다. 배당락일은 4월 15일 수요일입니다. 애브비의 배당성향(DPR)은 현재 293.22%입니다. 다른 소식으로, 수석부사장(SVP) David Ryan Purdue는 3월 4일 수요일 거래에서 애브비 주식 5,230주를 매도했습니다. 주당 평균 233.56달러에 매도됐으며 총 가치는 1,221,518.80달러였습니다. 매도 후 이 수석부사장은 회사 주식 2,654주를 직접 보유했으며, 가치는 619,868.24달러였습니다. 이번 거래로 보유 지분은 66.34% 감소했습니다. 이 매도는 SEC에 제출된 법적 공시를 통해 공개되었으며, 해당 링크에서 확인할 수 있습니다. 또한 EVP Perry C. Siatis는 2월 25일 수요일 거래에서 회사 주식 22,381주를 매도했습니다. 주당 평균 230.00달러에 매도됐으며 총 거래금액은 5,147,630.00달러였습니다. 거래 후 이 부사장은 회사 주식 38,137주를 직접 보유했으며, 가치는 8,771,510달러였습니다. 이번 거래는 보유 지분 36.98% 감소를 의미합니다. 이번 매도에 대한 추가 세부 사항은 공식 SEC 공시에서 확인할 수 있습니다. 현재 주식의 0.25%는 내부자가 보유하고 있습니다. 기관투자자들도 최근 회사 주식을 사고팔았습니다. Evolution Wealth Management Inc.는 2분기에 애브비 주식의 신규 포지션을 약 26,000달러어치 매수했습니다. Chelsea Counsel Co.는 3분기 동안 애브비에 신규 지분을 약 26,000달러어치 취득했습니다. Litman Gregory Wealth Management LLC는 4분기 동안 애브비에 신규 지분을 약 28,000달러어치 취득했습니다. Westend Capital Management LLC는 4분기에 애브비의 신규 포지션을 약 29,000달러어치 매수했습니다. 마지막으로 Imprint Wealth LLC는 4분기에 애브비 보유 비중을 56.3% 늘렸습니다. Imprint Wealth LLC는 기간 중 추가로 45주를 매수한 뒤 현재 회사 주식 125주를 보유하고 있으며, 가치는 29,000달러입니다. 기관투자자는 회사 주식의 70.23%를 보유하고 있습니다. 애브비는 2013년 애보트 래버러토리스(Abbott Laboratories)에서 분사해 설립된 글로벌 연구 중심 바이오제약 회사로, 본사는 일리노이주 노스시카고에 있습니다. 회사는 복잡하고 종종 만성적인 질환에 대한 치료제를 발굴, 개발, 상용화하는 데 주력하고 있습니다. 연구개발, 제조, 규제 업무, 상용화 전반에 걸쳐 사업을 운영하며, 여러 치료 분야에서 전문의약품을 시장에 내놓는 데 중점을 두고 있습니다. 애브비의 제품 포트폴리오와 파이프라인은 면역학, 종양학, 신경과학, 바이러스학, 여성 건강 등 주요 치료 분야를 포괄합니다. 이 즉각적인 뉴스 알림은 독자들에게 가장 빠른 보도와 편향 없는 커버리지를 제공하기 위해 MarketBeat의 내러티브 과학 기술과 금융 데이터를 바탕으로 생성되었습니다. 이 기사에 대한 질문이나 의견은 contact@marketbeat.com으로 보내주시기 바랍니다. 애브비를 고려하기 전에 이 내용을 들어보시기 바랍니다. MarketBeat는 월가의 최고 평가를 받는, 그리고 가장 뛰어난 성과를 낸 리서치 애널리스트들과 그들이 고객에게 추천하는 종목을 매일 추적합니다. MarketBeat는 광범위한 시장이 알아차리기 전에 지금 고객에게 조용히 매수하라고 속삭이고 있는 상위 5개 종목을 찾아냈습니다... 그리고 애브비는 그 목록에 없었습니다. 애브비는 현재 애널리스트들 사이에서 '중간 정도의 매수(Moderate Buy)' 평가를 받고 있지만, 최고 평가 애널리스트들은 이 5개 종목이 더 나은 매수 대상이라고 믿고 있습니다. 우리는 주식시장 역사상 가장 거대한 A.I. 붐을 곧 경험하게 될 것입니다... 중대한 경제적 촉매 덕분에, 특정 기술주는 1990년대 '닷컴' 붐 때처럼 급등할 것입니다. 그래서 우리는 급등할 위치에 있는 7개의 소형 기술 혁신주를 직접 선별했습니다. MarketBeat All Access에 가입하면 MarketBeat의 전체 리서치 도구 모음을 이용할 수 있습니다. 345 N Reid Place, Suite 620, Sioux Falls, SD 57103 contact@marketbeat.com (844) 978-6257 © MarketBeat Media, LLC 2010-2026. All rights reserved. © 2026 공정가치 가격은 매 분 업데이트되며 Massive가 제공합니다. 기타 시장 데이터는 최소 10분 지연되며 Barchart Solutions에서 호스팅합니다. 정보는 '있는 그대로(as-is)' 제공되며, 거래 목적이나 조언이 아닌 정보 제공 목적에 한정되고 지연이 적용됩니다. 모든 거래소 지연 및 이용약관은 Barchart의 면책조항을 참조하십시오. 당사와 당사의 파트너는 귀하의 경험을 개선하는 데 도움을 주기 위해 이 웹사이트 사용 정보를 공유합니다. 자세한 정보 또는 수신 거부를 원하면 아래의 내 정보 판매 안 함(Do Not Sell My Information) 버튼을 클릭하십시오.",https://www.marketbeat.com/instant-alerts/abbvie-nyseabbv-trading-19-higher-time-to-buy-2026-03-26/
18,ABBV,2026-03-26 19:30:00,"독립 의장 선임 추진, 애브비의 지배구조와 밸류에이션 기대를 시험하다 - simplywall.st","애브비(NYSE:ABBV)를 추적하는 투자자들에게 이번 지배구조 논쟁은 주가가 약 207.18달러에 거래되고 있으며 지난 1년간 6.4%, 지난 5년간 131.8%의 수익률을 기록한 시점에 제기되고 있습니다. 단기 성과는 다소 부진해 지난 한 달과 연초 대비 모두 9.7% 하락했으며, 이는 이사회가 주주 우려에 어떻게 대응하는지에 더 많은 관심을 끌 수 있습니다. 독립적인 이사회 의장 선임 요구는 투자자들이 애브비의 최고 경영진에서의 견제와 균형을 어떻게 평가하는지에 영향을 미칠 수 있습니다. 2026년 연례주주총회(AGM)가 다가오는 가운데, 이번 표결 결과는 투명성, 이사회 책임성, 그리고 회사가 최대 주주들과 어떻게 소통하는지에 대한 기대를 형성할 수 있습니다. 애브비와 관련된 가장 중요한 뉴스들을 최신 상태로 확인하려면 관심 종목 목록이나 포트폴리오에 추가하세요. 또는 커뮤니티를 둘러보고 애브비에 대한 새로운 관점을 찾아보세요. 이번 최신 뉴스 이후 어떤 내부자들이 애브비를 매수, 매수 및 매도하고 있는지 확인해 보세요. 애브비를 매수, 매도 또는 보유해야 할 적절한 시점을 아는 유일한 방법이 있습니다. 최신 애브비의 공정가치 분석은 Simply Wall St의 회사 보고서에서 확인하세요. 더 많은 리스크와 보상을 포함한 전체 그림은 애브비 전체 분석을 확인하시기 바랍니다. 또는 애브비 커뮤니티 페이지를 방문해 다른 투자자들이 이번 최신 뉴스가 회사의 내러티브에 어떤 영향을 미칠지 어떻게 생각하는지 볼 수도 있습니다. 이 Simply Wall St의 기사는 일반적인 성격의 내용입니다. 우리는 편향 없는 방법론을 사용해 과거 데이터와 애널리스트 전망에 근거한 논평만 제공하며, 본 기사는 금융 자문을 목적으로 하지 않습니다. 이는 어떤 주식의 매수 또는 매도 추천도 아니며, 귀하의 목적이나 재무 상황을 고려하지 않습니다. 우리는 장기적 관점의 фундаментal 데이터 기반 분석을 제공하는 것을 목표로 합니다. 당사의 분석은 최신 주가 민감 공시나 질적 요소를 반영하지 못할 수 있습니다. Simply Wall St는 언급된 어떤 종목에도 포지션을 보유하고 있지 않습니다. 우리는 주식 투자자를 위한 최고의 포트폴리오 도구를 만들었으며, 이는 무료입니다. • 무제한 포트폴리오를 연결하고 총합을 한 통화로 확인 가능 • 이메일 또는 모바일로 새로운 경고 신호나 리스크 알림 수신 • 보유 종목의 공정가치 추적 이 기사에 대한 피드백이 있으신가요? 내용이 우려되시나요? 직접 문의해 주세요. 또는 editorial-team@simplywallst.com으로 이메일을 보내주세요. 연구 기반 바이오제약 회사로서 전 세계에서 의약품과 치료제의 연구개발, 제조, 상용화 및 판매를 수행합니다. 적당한 리스크와 합리적인 성장 잠재력을 지니며 배당을 지급합니다. 금융 데이터는 S&P Global Market Intelligence LLC가 제공하며, 분석은 Simply Wall Street Pty Ltd가 제공합니다. Copyright © 2026, S&P Global Market Intelligence LLC. All rights reserved. Simply Wall Street Pty Ltd (ACN 600 056 611)는 Sanlam Private Wealth Pty Ltd(AFSL No. 337927)의 법인 공인 대리인(Corporate Authorised Representative, Authorised Representative Number: 467183)입니다. 본 웹사이트에 포함된 모든 조언은 일반적인 조언에 불과하며, 귀하의 목적, 재무 상황 또는 필요를 고려하지 않고 작성되었습니다. 본 웹사이트에 포함된 조언 및/또는 정보에 의존해서는 안 되며, 투자 결정을 내리기 전에 해당 결정이 귀하의 상황에 적절한지 검토하고 적절한 재무, 세무 및 법률 자문을 구할 것을 권장합니다. 금융 서비스를 이용할지 결정하기 전에 당사의 금융서비스가이드를 읽어보시기 바랍니다. © 2026 Simply Wall Street Pty Ltd, US Design Patent #29/544/281, Community and European Design Registration #2845206",https://simplywall.st/stocks/us/pharmaceuticals-biotech/nyse-abbv/abbvie/news/independent-chair-push-tests-abbvie-governance-and-valuation
19,ABBV,2026-03-26 11:31:00,"Piper Sandler, AbbVie(ABBV.US) 매수 의견 유지, 목표주가 299달러 유지 - 富途牛牛","Piper Sandler의 애널리스트 David Amsellem은 $AbbVie(ABBV.US)$에 대해 매수 의견을 유지하고 목표주가를 299달러로 유지했습니다. TipRanks 데이터에 따르면, 이 애널리스트의 성공률은 50.9%이며 지난 1년간 총 평균 수익률은 6.5%였습니다. 독립적인 제3자인 TipRanks는 금융 애널리스트들의 분석 데이터를 제공하고 애널리스트 추천의 평균 수익률과 성공률을 계산합니다. 여기에 제시된 정보는 투자 추천이 아니며 정보 제공 목적으로만 사용됩니다. 성공률은 애널리스트의 전체 추천 중 성공한 추천 수를 지난 1년간의 총 추천 수로 나눈 값입니다. 성공한 추천은 TipRanks의 가상 포트폴리오가 해당 종목에서 플러스 수익을 거둔 경우를 기준으로 합니다. 총 평균 수익률은 TipRanks의 가상 포트폴리오가 지난 1년간 얻은 평균 수익률입니다. 이러한 포트폴리오는 애널리스트의 초기 등급을 바탕으로 구성되며 등급 변경에 따라 조정됩니다. TipRanks는 각 애널리스트에 대해 최대 5점의 별점을 제공하며, 이는 해당 애널리스트의 모든 추천을 대표합니다. 애널리스트의 과거 성과는 1점에서 5점까지의 척도로 평가되며, 별이 많을수록 더 나은 성과를 의미합니다. 별점 수준은 총 성공률과 평균 수익률에 따라 결정됩니다. 브라우저의 공유 버튼을 사용해 이 페이지를 친구들과 공유하세요",https://news.futunn.com/en/post/70665931/piper-sandler-maintains-abbvie-abbvus-with-buy-rating-maintains-target?level=1&data_ticket=1774748242294993
20,ABBV,2026-03-26 10:19:59,"Moody National Bank Trust Division, AbbVie Inc. $ABBV 주식 5,674주 매도 - MarketBeat","Moody National Bank Trust Division은 증권거래위원회(SEC)에 제출한 최근 13F 보고서에 따르면, 4분기에 AbbVie Inc.(NYSE:ABBV - Free Report) 지분을 26.7% 줄였습니다. 이 기관투자자는 해당 기간 동안 5,674주를 매도한 뒤 회사 주식 15,548주를 보유하게 되었습니다. Moody National Bank Trust Division의 애브비 보유 지분 가치는 최근 보고 기간 말 기준 3,553,000달러였습니다. 다른 기관투자자와 헤지펀드들도 최근 회사 지분을 조정했습니다. Diversified Trust Co는 3분기에 애브비 보유 지분을 23.6% 늘렸습니다. Diversified Trust Co는 기간 중 추가로 10,891주를 매수한 뒤 현재 회사 주식 57,076주를 보유하고 있으며, 가치는 13,215,000달러입니다. Permanent Capital Management LP는 3분기에 약 720,000달러어치의 애브비 신규 지분을 취득했습니다. Railway Pension Investments Ltd는 3분기 동안 애브비 보유 지분을 33.0% 늘렸습니다. Railway Pension Investments Ltd는 기간 중 추가로 211,800주를 매수한 뒤 현재 회사 주식 853,949주를 보유하고 있으며, 가치는 197,723,000달러입니다. World Investment Advisors는 지난 분기 중 추가로 9,811주를 매수해 애브비 지분을 9.4% 늘렸으며, 현재 보유 주식은 113,925주, 가치는 26,378,000달러입니다. 마지막으로 Charles Schwab Trust Co는 지난 분기 중 추가로 15,502주를 매수해 애브비 지분을 93.4% 늘렸습니다. 현재 보유 주식은 32,105주이며, 가치는 7,434,000달러입니다. 헤지펀드와 기타 기관투자자는 회사 주식의 70.23%를 보유하고 있습니다. 최근 여러 리서치 기관이 ABBV에 대해 의견을 냈습니다. Wall Street Zen은 2월 28일 토요일 리서치 노트에서 애브비를 '매수'에서 '강력 매수(strong-buy)'로 상향 조정했습니다. Berenberg Bank는 1월 20일 화요일 리서치 보고서에서 애브비 목표주가를 275.00달러로 제시했습니다. BMO Capital Markets는 3월 9일 월요일 리서치 노트에서 애브비 주식에 대해 '시장수익률 상회(outperform)' 의견을 재확인했습니다. Evercore는 2월 4일 수요일 리서치 보고서에서 애브비의 목표주가를 232.00달러에서 228.00달러로 낮추고 '시장수익률 상회(outperform)' 의견을 제시했습니다. 마지막으로 The Goldman Sachs Group은 1월 28일 수요일 리서치 노트에서 '중립' 의견을 재제시하고 애브비 주식에 대해 223.00달러의 목표주가를 제시했습니다. 두 명의 리서치 애널리스트가 이 종목에 강력 매수 의견을, 14명이 매수 의견을, 9명이 보유 의견을 제시했습니다. MarketBeat.com의 데이터에 따르면 이 종목의 평균 평가는 '중간 정도의 매수(Moderate Buy)'이며 평균 목표주가는 253.15달러입니다. 이번 주 애브비에 영향을 미친 주요 뉴스는 다음과 같습니다. 다른 애브비 관련 소식으로, SVP David Ryan Purdue는 3월 4일 수요일 거래에서 애브비 주식 5,230주를 매도했습니다. 주식은 주당 평균 233.56달러에 매도됐으며 총 거래금액은 1,221,518.80달러였습니다. 매도 후 이 수석부사장은 회사 주식 2,654주를 직접 보유했으며, 가치는 약 619,868.24달러였습니다. 이번 거래는 보유 지분 66.34% 감소를 의미합니다. 이 거래는 SEC에 제출된 법적 공시를 통해 공개되었으며, 해당 링크에서 확인할 수 있습니다. 또한 EVP Perry C. Siatis는 2월 25일 수요일 거래에서 회사 주식 22,381주를 매도했습니다. 주식은 주당 평균 230.00달러에 매도됐으며 총 가치는 5,147,630.00달러였습니다. 거래 후 이 부사장은 회사 주식 38,137주를 보유했으며, 가치는 8,771,510달러였습니다. 이번 거래는 보유 지분 36.98% 감소를 의미합니다. 이 매도에 대한 추가 세부 정보는 공식 SEC 공시에서 확인할 수 있습니다. 현재 주식의 0.25%는 내부자가 보유하고 있습니다. 목요일 NYSE:ABBV 주가는 206.85달러에 출발했습니다. 회사의 50일 이동평균 주가는 222.17달러, 200일 이동평균 주가는 224.62달러입니다. 회사의 시가총액은 3,657억4,000만 달러이며, 주가수익비율(P/E)은 87.65배, 주가수익성장비율(PEG)은 0.71, 베타는 0.34입니다. AbbVie Inc.의 12개월 최저가는 164.39달러, 12개월 최고가는 244.81달러입니다. AbbVie(NYSE:ABBV - Get Free Report)는 지난 2월 4일 수요일 최신 실적을 발표했습니다. 회사는 분기 주당순이익(EPS) 2.71달러를 보고해 애널리스트 예상치 2.65달러를 0.06달러 상회했습니다. 애브비의 자기자본이익률(ROE)은 마이너스 1,579.75%, 순이익률은 6.91%였습니다. 회사의 분기 매출은 166억2,000만 달러로, 애널리스트 예상치 163억9,000만 달러를 웃돌았습니다. 전년 동기에는 주당순이익이 2.16달러였습니다. 애브비의 분기 매출은 전년 대비 10.0% 증가했습니다. 애브비는 2026 회계연도 EPS 가이던스를 14.370~14.570달러, 2026년 1분기 EPS 가이던스를 2.970~3.010달러로 제시했습니다. 증권 리서치 애널리스트들은 애브비가 현 회계연도에 주당순이익 12.31달러를 기록할 것으로 전망하고 있습니다. 회사는 또한 최근 분기 배당을 공시했으며, 배당금은 5월 15일 금요일에 지급됩니다. 4월 15일 수요일 기준 주주명부에 있는 주주에게는 주당 1.73달러의 배당이 지급됩니다. 이는 연간 기준 배당금 6.92달러, 배당수익률 3.3%를 의미합니다. 이 배당의 배당락일은 4월 15일 수요일입니다. 애브비의 배당성향은 현재 293.22%입니다. 애브비는 2013년 애보트 래버러토리스(Abbott Laboratories)에서 분사해 설립된 글로벌 연구 중심 바이오제약 회사로, 본사는 일리노이주 노스시카고에 있습니다. 회사는 복잡하고 종종 만성적인 의학적 상태에 대한 치료제를 발굴, 개발, 상용화하는 데 주력합니다. 연구개발, 제조, 규제 업무, 상용화 전반에 걸쳐 사업을 운영하며, 여러 치료 영역에서 전문의약품을 시장에 출시하는 데 중점을 두고 있습니다. 애브비의 제품 포트폴리오와 파이프라인은 면역학, 종양학, 신경과학, 바이러스학, 여성 건강 등 여러 주요 치료 분야를 포괄합니다. ABBV를 보유한 다른 헤지펀드가 궁금하신가요? AbbVie Inc.(NYSE:ABBV - Free Report)에 대한 최신 13F 보고서와 내부자 거래는 HoldingsChannel.com에서 확인할 수 있습니다. 이 즉각적인 뉴스 알림은 독자들에게 가장 빠른 보도와 편향 없는 커버리지를 제공하기 위해 MarketBeat의 내러티브 과학 기술과 금융 데이터를 바탕으로 생성되었습니다. 이 기사에 대한 질문이나 의견은 contact@marketbeat.com으로 보내주시기 바랍니다. 애브비를 고려하기 전에 이 내용을 들어보시기 바랍니다. MarketBeat는 월가의 최고 평가를 받는, 그리고 가장 뛰어난 성과를 낸 리서치 애널리스트들과 그들이 고객에게 추천하는 종목을 매일 추적합니다. MarketBeat는 광범위한 시장이 알아차리기 전에 지금 고객에게 조용히 매수하라고 속삭이고 있는 상위 5개 종목을 찾아냈습니다... 그리고 애브비는 그 목록에 없었습니다. 애브비는 현재 애널리스트들 사이에서 '중간 정도의 매수(Moderate Buy)' 평가를 받고 있지만, 최고 평가 애널리스트들은 이 5개 종목이 더 나은 매수 대상이라고 믿고 있습니다. MarketBeat의 애널리스트들은 방금 2026년 4월 기준 상위 5개 공매도 종목을 발표했습니다. 가장 공매도 비중이 높은 종목과 거래 방법을 알아보세요. 목록에 포함된 회사를 확인하려면 링크를 클릭하세요. MarketBeat All Access에 가입하면 MarketBeat의 전체 리서치 도구 모음을 이용할 수 있습니다. 345 N Reid Place, Suite 620, Sioux Falls, SD 57103 contact@marketbeat.com (844) 978-6257 © MarketBeat Media, LLC 2010-2026. All rights reserved. © 2026 공정가치 가격은 매 분 업데이트되며 Massive가 제공합니다. 기타 시장 데이터는 최소 10분 지연되며 Barchart Solutions에서 호스팅합니다. 정보는 '있는 그대로(as-is)' 제공되며, 거래 목적이나 조언이 아닌 정보 제공 목적에 한정되고 지연이 적용됩니다. 모든 거래소 지연 및 이용약관은 Barchart의 면책조항을 참조하십시오. 당사와 당사의 파트너는 귀하의 경험을 개선하는 데 도움을 주기 위해 이 웹사이트 사용 정보를 공유합니다. 자세한 정보 또는 수신 거부를 원하면 아래의 내 정보 판매 안 함(Do Not Sell My Information) 버튼을 클릭하십시오.",https://www.marketbeat.com/instant-alerts/filing-moody-national-bank-trust-division-sells-5674-shares-of-abbvie-inc-abbv-2026-03-26/
21,ABBV,2026-03-26 08:49:15,"체코 국립은행, AbbVie Inc. 주식 17,373주 매입","체코 국립은행은 미국증권거래위원회(SEC)에 최근 제출한 Form 13F 보고서에 따르면 4분기에 AbbVie Inc.(NYSE:ABBV - Free Report) 지분을 3.9% 늘렸다. 이 기관투자가는 해당 기간 동안 17,373주를 추가 매입한 뒤 회사 주식 466,032주를 보유하게 됐다. AbbVie는 체코 국립은행 투자 포트폴리오의 약 0.7%를 차지하며, 19번째로 큰 보유 종목이 됐다. 최근 분기 말 기준 체코 국립은행의 AbbVie 보유 지분 가치는 1억 6억 4,840만 달러였다. 다른 기관투자가와 헤지펀드들도 최근 이 회사 지분을 늘리거나 줄였다. Vanguard Group Inc.는 3분기 동안 AbbVie 주식 보유량을 0.3% 늘렸다. Vanguard Group Inc.는 지난 분기에 448,554주를 추가 매입한 뒤 현재 177,747,261주를 보유하고 있으며, 가치는 411억 5,601만 달러다. Norges Bank는 2분기에 약 42억 8,820만 달러 규모의 AbbVie 신규 지분을 취득했다. Legal & General Group Plc는 3분기에 AbbVie 지분을 4.3% 늘렸다. Legal & General Group Plc는 지난 분기에 493,420주를 추가 매입한 뒤 현재 12,004,084주를 보유하고 있으며, 가치는 27억 7,942만 6천 달러다. Wellington Management Group LLP는 3분기에 AbbVie 포지션을 457.4% 확대했다. Wellington Management Group LLP는 지난 분기 8,646,424주를 추가 취득한 뒤 현재 10,536,901주를 보유하고 있으며, 가치는 24억 3,971만 4천 달러다. 마지막으로 Amundi는 3분기에 AbbVie 포지션을 15.6% 늘렸다. Amundi는 지난 분기 1,414,621주를 추가 취득한 뒤 현재 10,508,317주를 보유하고 있으며, 가치는 24억 1,890만 9천 달러다. 현재 주식의 70.23%는 기관투자가가 보유하고 있다. 이번 주 AbbVie에 영향을 미치는 주요 뉴스는 다음과 같다: NYSE:ABBV는 목요일 206.85달러에 거래를 시작했다. 이 종목의 시가총액은 3,657억 4천만 달러이며, 주가수익비율(P/E)은 87.65, 주가수익성장비율(PEG)은 0.71, 베타는 0.34다. 50일 이동평균은 222.17달러, 200일 이동평균은 224.62달러다. AbbVie Inc.의 1년 최저가는 164.39달러, 1년 최고가는 244.81달러다. AbbVie(NYSE:ABBV - Free Report)는 마지막으로 2월 4일 수요일 분기 실적을 발표했다. 회사는 해당 분기 주당순이익(EPS) 2.71달러를 기록해 애널리스트 컨센서스 예상치 2.65달러를 0.06달러 상회했다. AbbVie의 순이익률은 6.91%, 자기자본이익률(ROE)은 -1,579.75%였다. 해당 분기 매출은 166억 2천만 달러로, 애널리스트 예상치 163억 9천만 달러를 웃돌았다. 전년 동기 같은 분기에는 주당순이익이 2.16달러였다. 회사의 분기 매출은 전년 대비 10.0% 증가했다. AbbVie는 2026 회계연도 가이던스를 주당순이익 14.370~14.570달러로, 2026년 1분기 가이던스를 주당순이익 2.970~3.010달러로 제시했다. 전체적으로 애널리스트들은 AbbVie Inc.가 현 회계연도에 주당순이익 12.31달러를 기록할 것으로 전망한다. 또한 회사는 최근 분기 배당을 ঘোষণা했으며, 배당금은 5월 15일 금요일에 지급될 예정이다. 4월 15일 수요일 기준 주주에게는 주당 1.73달러의 배당금이 지급된다. 이는 연간 기준 주당 6.92달러의 배당에 해당하며 배당수익률은 3.3%다. 배당락일은 4월 15일 수요일이다. AbbVie의 배당성향은 293.22%다. 여러 리서치 애널리스트들이 최근 ABBV 주식에 대해 의견을 내놨다. BMO Capital Markets는 3월 9일 월요일 보고서에서 AbbVie 주식에 대한 '시장수익률 상회(outperform)' 등급을 재확인했다. Evercore는 2월 4일 수요일 보고서에서 AbbVie의 목표주가를 232.00달러에서 228.00달러로 낮추고, 해당 종목에 '시장수익률 상회' 등급을 부여했다. Piper Sandler는 2월 18일 수요일 리서치 보고서에서 AbbVie의 목표주가를 289.00달러에서 299.00달러로 올리고, 해당 주식에 '비중확대(overweight)' 등급을 부여했다. William Blair는 3월 9일 월요일 리서치 보고서에서 AbbVie 주식에 대한 '시장수익률 상회' 등급을 재확인했다. 마지막으로 The Goldman Sachs Group은 1월 28일 수요일 리서치 नोट에서 '중립(neutral)' 등급을 재확인하고 AbbVie 주식의 목표주가를 223.00달러로 제시했다. 2명의 애널리스트가 해당 종목에 Strong Buy 등급을, 14명이 Buy 등급을, 9명이 Hold 등급을 부여했다. MarketBeat 자료에 따르면 이 회사의 평균 등급은 '중간 매수(Moderate Buy)'이며 평균 목표주가는 253.15달러다. 관련 소식으로, SVP David Ryan Purdue는 3월 4일 수요일 거래에서 회사 주식 5,230주를 매도했다. 주식은 평균 233.56달러에 매도돼 총 122만 1,518.80달러의 가치를 기록했다. 매도 이후 이 수석부사장은 회사 주식 2,654주를 보유하게 되었으며, 가치는 61만 9,868.24달러였다. 이번 거래로 그의 주식 보유량은 66.34% 감소했다. 해당 매도는 SEC 웹사이트에서 확인할 수 있는 SEC 제출 문서에 공시됐다. 또한 EVP Perry C. Siatis는 2월 25일 수요일 거래에서 주식 22,381주를 매도했다. 주식은 평균 230.00달러에 매도돼 총 514만 7,630.00달러의 가치를 기록했다. 매도 완료 후 이 실행부사장은 회사 주식 38,137주를 보유하게 되었으며, 가치는 877만 1,510달러였다. 이번 거래로 그의 주식 보유량은 36.98% 감소했다. 이 매도에 대한 추가 세부사항은 공식 SEC 공시에서 확인할 수 있다. 현재 주식의 0.25%는 내부자가 보유하고 있다. AbbVie는 2013년 Abbott Laboratories에서 분사해 설립된 글로벌 연구 중심 바이오제약 회사로, 본사는 일리노이주 노스시카고에 있다. 이 회사는 복잡하고 종종 만성적인 의학적 질환에 대한 치료법을 발굴, 개발 및 상용화하는 데 주력한다. 연구개발, 제조, 규제 업무 및 상업화 전반에 걸쳐 사업을 운영하며, 여러 치료 분야에서 전문 의약품을 시장에 출시하는 데 중점을 둔다. AbbVie의 제품 포트폴리오와 파이프라인은 면역학, 종양학, 신경과학, 바이러스학, 여성 건강 등 여러 주요 치료 범주를 포괄한다. ABBV를 보유한 다른 헤지펀드가 궁금하신가요? HoldingsChannel.com을 방문하면 AbbVie Inc.(NYSE:ABBV - Free Report)의 최신 13F 제출 내역과 내부자 거래를 확인할 수 있다. 이 즉시 뉴스 알림은 MarketBeat의 서사 기반 과학 기술과 금융 데이터를 활용해 독자들에게 가장 빠른 보도와 편향 없는 커버리지를 제공하기 위해 생성됐다. 이 기사에 관한 질문이나 의견은 contact@marketbeat.com으로 보내주시기 바란다. AbbVie를 고려하기 전에, 이 내용을 꼭 확인해 보시기 바란다. MarketBeat는 월가의 최고 평가를 받은, 그리고 가장 뛰어난 성과를 내는 리서치 애널리스트들과 그들이 고객에게 추천하는 종목을 매일 추적한다. MarketBeat는 더 넓은 시장이 눈치채기 전에 지금 매수하라고 조용히 고객에게 속삭이는 것으로 파악한 5개 종목을 확인했으며, AbbVie는 그 목록에 포함되지 않았다. AbbVie는 현재 애널리스트들 사이에서 중간 매수(Moderate Buy) 등급을 받고 있지만, 최고 평가 애널리스트들은 이 5개 종목이 더 나은 매수 기회라고 보고 있다. AI 주식을 어디서부터 시작해야 할지(또는 끝내야 할지) 고민 중인가요? 인공지능이 미래로 계속 성장함에 따라 이 10개의 간단한 종목이 투자자들이 장기 부를 쌓는 데 도움이 될 수 있다. MarketBeat All Access에 가입해 MarketBeat의 전체 리서치 도구 모음을 이용해 보시기 바란다. 345 N Reid Place, Suite 620, Sioux Falls, SD 57103 contact@marketbeat.com (844) 978-6257 © MarketBeat Media, LLC 2010-2026. All rights reserved. © 2026 공정가치 가격은 매분 업데이트되며 Massive가 제공한다. 기타 시장 데이터는 최소 10분 지연된 상태로 제공되며 Barchart Solutions에서 호스팅한다. 제공되는 정보는 '있는 그대로(as-is)'이며 거래 목적이나 조언이 아닌 정보 제공 목적으로만 제공되고 지연된다. 모든 거래소 지연 시간과 이용 약관은 Barchart의 면책 조항을 참조하시기 바란다. 당사와 파트너사는 귀하의 웹사이트 이용 정보를 공유하여 사용자 경험 개선에 도움을 준다. 자세한 정보를 보거나 거부하려면 아래의 'Do Not Sell My Information' 버튼을 클릭하라.",https://www.marketbeat.com/instant-alerts/filing-czech-national-bank-purchases-17373-shares-of-abbvie-inc-abbv-2026-03-26/
